{"HSC 2nd Year \/ Science":{"Saturday":{"08:00":{"subject":"Bangla 1st","teacher":"Sumon Sir","teacher_id":17,"class_level":"hsc_2","section":"science"},"09:00":{"subject":"Bangla 2nd","teacher":null,"teacher_id":null,"class_level":"hsc_2","section":"science"},"10:00":{"subject":"English 1st","teacher":null,"teacher_id":null,"class_level":"hsc_2","section":"science"},"11:00":{"subject":"English 2nd","teacher":null,"teacher_id":null,"class_level":"hsc_2","section":"science"},"12:00":{"subject":"ICT","teacher":"Yeasin Sir","teacher_id":1,"class_level":"hsc_2","section":"science"},"13:00":{"subject":"Physics 1st","teacher":"Tarek Sir","teacher_id":6,"class_level":"hsc_2","section":"science"}},"Sunday":{"08:00":{"subject":"Bangla 1st","teacher":null,"teacher_id":null,"class_level":"hsc_2","section":"science"},"09:00":{"subject":"Bangla 2nd","teacher":null,"teacher_id":null,"class_level":"hsc_2","section":"science"},"10:00":{"subject":"English 1st","teacher":null,"teacher_id":null,"class_level":"hsc_2","section":"science"},"11:00":{"subject":"English 2nd","teacher":null,"teacher_id":null,"class_level":"hsc_2","section":"science"},"12:00":{"subject":"ICT","teacher":"Yeasin Sir","teacher_id":1,"class_level":"hsc_2","section":"science"},"13:00":{"subject":"Physics 1st","teacher":"Tarek Sir","teacher_id":6,"class_level":"hsc_2","section":"science"}},"Monday":{"08:00":{"subject":"Bangla 1st","teacher":"Tajkia Mam","teacher_id":18,"class_level":"hsc_2","section":"science"},"09:00":{"subject":"Bangla 2nd","teacher":null,"teacher_id":null,"class_level":"hsc_2","section":"science"},"10:00":{"subject":"English 1st","teacher":"Aman","teacher_id":10,"class_level":"hsc_2","section":"science"},"11:00":{"subject":"English 2nd","teacher":null,"teacher_id":null,"class_level":"hsc_2","section":"science"},"12:00":{"subject":"ICT","teacher":null,"teacher_id":null,"class_level":"hsc_2","section":"science"},"13:00":{"subject":"Physics 1st","teacher":"Tarek Sir","teacher_id":6,"class_level":"hsc_2","section":"science"}},"Tuesday":{"08:00":{"subject":"Bangla 1st","teacher":null,"teacher_id":null,"class_level":"hsc_2","section":"science"},"09:00":{"subject":"Bangla 2nd","teacher":null,"teacher_id":null,"class_level":"hsc_2","section":"science"},"10:00":{"subject":"English 1st","teacher":"Aman","teacher_id":10,"class_level":"hsc_2","section":"science"},"11:00":{"subject":"English 2nd","teacher":null,"teacher_id":null,"class_level":"hsc_2","section":"science"},"12:00":{"subject":"ICT","teacher":null,"teacher_id":null,"class_level":"hsc_2","section":"science"},"13:00":{"subject":"Physics 1st","teacher":"Tarek Sir","teacher_id":6,"class_level":"hsc_2","section":"science"}},"Wednesday":{"08:00":{"subject":"Bangla 1st","teacher":null,"teacher_id":null,"class_level":"hsc_2","section":"science"},"09:00":{"subject":"Bangla 2nd","teacher":null,"teacher_id":null,"class_level":"hsc_2","section":"science"},"10:00":{"subject":"English 1st","teacher":"Forhad","teacher_id":9,"class_level":"hsc_2","section":"science"},"11:00":{"subject":"English 2nd","teacher":null,"teacher_id":null,"class_level":"hsc_2","section":"science"},"12:00":{"subject":"ICT","teacher":null,"teacher_id":null,"class_level":"hsc_2","section":"science"},"13:00":{"subject":"Physics 1st","teacher":"Arman Sir","teacher_id":2,"class_level":"hsc_2","section":"science"}},"Thursday":{"08:00":{"subject":"Bangla 1st","teacher":"Tajkia Mam","teacher_id":18,"class_level":"hsc_2","section":"science"},"09:00":{"subject":"Bangla 2nd","teacher":null,"teacher_id":null,"class_level":"hsc_2","section":"science"},"10:00":{"subject":"English 1st","teacher":null,"teacher_id":null,"class_level":"hsc_2","section":"science"},"11:00":{"subject":"English 2nd","teacher":null,"teacher_id":null,"class_level":"hsc_2","section":"science"},"12:00":{"subject":"ICT","teacher":null,"teacher_id":null,"class_level":"hsc_2","section":"science"},"13:00":{"subject":"Physics 1st","teacher":"Tarek Sir","teacher_id":6,"class_level":"hsc_2","section":"science"}}},"HSC 2nd Year \/ Business Studies":{"Saturday":{"08:00":{"subject":"Bangla 2nd","teacher":null,"teacher_id":null,"class_level":"hsc_2","section":"business_studies"},"09:00":{"subject":"English 1st","teacher":null,"teacher_id":null,"class_level":"hsc_2","section":"business_studies"},"10:00":{"subject":"English 2nd","teacher":null,"teacher_id":null,"class_level":"hsc_2","section":"business_studies"},"11:00":{"subject":"ICT","teacher":"Yeasin Sir","teacher_id":1,"class_level":"hsc_2","section":"business_studies"},"12:00":{"subject":"Accounting 1st","teacher":"Zakir Sir","teacher_id":12,"class_level":"hsc_2","section":"business_studies"},"13:00":{"subject":"Accounting 2nd","teacher":null,"teacher_id":null,"class_level":"hsc_2","section":"business_studies"}},"Sunday":{"08:00":{"subject":"Bangla 2nd","teacher":null,"teacher_id":null,"class_level":"hsc_2","section":"business_studies"},"09:00":{"subject":"English 1st","teacher":null,"teacher_id":null,"class_level":"hsc_2","section":"business_studies"},"10:00":{"subject":"English 2nd","teacher":null,"teacher_id":null,"class_level":"hsc_2","section":"business_studies"},"11:00":{"subject":"ICT","teacher":"Yeasin Sir","teacher_id":1,"class_level":"hsc_2","section":"business_studies"},"12:00":{"subject":"Accounting 1st","teacher":null,"teacher_id":null,"class_level":"hsc_2","section":"business_studies"},"13:00":{"subject":"Accounting 2nd","teacher":null,"teacher_id":null,"class_level":"hsc_2","section":"business_studies"}},"Monday":{"08:00":{"subject":"Bangla 2nd","teacher":null,"teacher_id":null,"class_level":"hsc_2","section":"business_studies"},"09:00":{"subject":"English 1st","teacher":"Aman","teacher_id":10,"class_level":"hsc_2","section":"business_studies"},"10:00":{"subject":"English 2nd","teacher":null,"teacher_id":null,"class_level":"hsc_2","section":"business_studies"},"11:00":{"subject":"ICT","teacher":null,"teacher_id":null,"class_level":"hsc_2","section":"business_studies"},"12:00":{"subject":"Accounting 1st","teacher":"Zakir Sir","teacher_id":12,"class_level":"hsc_2","section":"business_studies"},"13:00":{"subject":"Accounting 2nd","teacher":null,"teacher_id":null,"class_level":"hsc_2","section":"business_studies"}},"Tuesday":{"08:00":{"subject":"Bangla 2nd","teacher":null,"teacher_id":null,"class_level":"hsc_2","section":"business_studies"},"09:00":{"subject":"English 1st","teacher":"Aman","teacher_id":10,"class_level":"hsc_2","section":"business_studies"},"10:00":{"subject":"English 2nd","teacher":null,"teacher_id":null,"class_level":"hsc_2","section":"business_studies"},"11:00":{"subject":"ICT","teacher":null,"teacher_id":null,"class_level":"hsc_2","section":"business_studies"},"12:00":{"subject":"Accounting 1st","teacher":null,"teacher_id":null,"class_level":"hsc_2","section":"business_studies"},"13:00":{"subject":"Accounting 2nd","teacher":null,"teacher_id":null,"class_level":"hsc_2","section":"business_studies"}},"Wednesday":{"08:00":{"subject":"Bangla 2nd","teacher":null,"teacher_id":null,"class_level":"hsc_2","section":"business_studies"},"09:00":{"subject":"English 1st","teacher":"Forhad","teacher_id":9,"class_level":"hsc_2","section":"business_studies"},"10:00":{"subject":"English 2nd","teacher":null,"teacher_id":null,"class_level":"hsc_2","section":"business_studies"},"11:00":{"subject":"ICT","teacher":null,"teacher_id":null,"class_level":"hsc_2","section":"business_studies"},"12:00":{"subject":"Accounting 1st","teacher":null,"teacher_id":null,"class_level":"hsc_2","section":"business_studies"},"13:00":{"subject":"Accounting 2nd","teacher":null,"teacher_id":null,"class_level":"hsc_2","section":"business_studies"}},"Thursday":{"08:00":{"subject":"Bangla 2nd","teacher":null,"teacher_id":null,"class_level":"hsc_2","section":"business_studies"},"09:00":{"subject":"English 1st","teacher":null,"teacher_id":null,"class_level":"hsc_2","section":"business_studies"},"10:00":{"subject":"English 2nd","teacher":null,"teacher_id":null,"class_level":"hsc_2","section":"business_studies"},"11:00":{"subject":"ICT","teacher":null,"teacher_id":null,"class_level":"hsc_2","section":"business_studies"},"12:00":{"subject":"Accounting 1st","teacher":"Zakir Sir","teacher_id":12,"class_level":"hsc_2","section":"business_studies"},"13:00":{"subject":"Accounting 2nd","teacher":null,"teacher_id":null,"class_level":"hsc_2","section":"business_studies"}}},"HSC 2nd Year \/ Humanities":{"Saturday":{"08:00":{"subject":"English 1st","teacher":null,"teacher_id":null,"class_level":"hsc_2","section":"humanities"},"09:00":{"subject":"English 2nd","teacher":null,"teacher_id":null,"class_level":"hsc_2","section":"humanities"},"10:00":{"subject":"ICT","teacher":"Yeasin Sir","teacher_id":1,"class_level":"hsc_2","section":"humanities"},"11:00":{"subject":"Social Work 1st","teacher":"Kulsum Mam","teacher_id":19,"class_level":"hsc_2","section":"humanities"},"12:00":{"subject":"Social Work 2nd","teacher":null,"teacher_id":null,"class_level":"hsc_2","section":"humanities"},"13:00":{"subject":"Civics 1st","teacher":null,"teacher_id":null,"class_level":"hsc_2","section":"humanities"}},"Sunday":{"08:00":{"subject":"English 1st","teacher":null,"teacher_id":null,"class_level":"hsc_2","section":"humanities"},"09:00":{"subject":"English 2nd","teacher":null,"teacher_id":null,"class_level":"hsc_2","section":"humanities"},"10:00":{"subject":"ICT","teacher":"Yeasin Sir","teacher_id":1,"class_level":"hsc_2","section":"humanities"},"11:00":{"subject":"Social Work 1st","teacher":null,"teacher_id":null,"class_level":"hsc_2","section":"humanities"},"12:00":{"subject":"Social Work 2nd","teacher":null,"teacher_id":null,"class_level":"hsc_2","section":"humanities"},"13:00":{"subject":"Civics 1st","teacher":null,"teacher_id":null,"class_level":"hsc_2","section":"humanities"}},"Monday":{"08:00":{"subject":"English 1st","teacher":"Aman","teacher_id":10,"class_level":"hsc_2","section":"humanities"},"09:00":{"subject":"English 2nd","teacher":null,"teacher_id":null,"class_level":"hsc_2","section":"humanities"},"10:00":{"subject":"ICT","teacher":null,"teacher_id":null,"class_level":"hsc_2","section":"humanities"},"11:00":{"subject":"Social Work 1st","teacher":null,"teacher_id":null,"class_level":"hsc_2","section":"humanities"},"12:00":{"subject":"Social Work 2nd","teacher":null,"teacher_id":null,"class_level":"hsc_2","section":"humanities"},"13:00":{"subject":"Civics 1st","teacher":null,"teacher_id":null,"class_level":"hsc_2","section":"humanities"}},"Tuesday":{"08:00":{"subject":"English 1st","teacher":"Aman","teacher_id":10,"class_level":"hsc_2","section":"humanities"},"09:00":{"subject":"English 2nd","teacher":null,"teacher_id":null,"class_level":"hsc_2","section":"humanities"},"10:00":{"subject":"ICT","teacher":null,"teacher_id":null,"class_level":"hsc_2","section":"humanities"},"11:00":{"subject":"Social Work 1st","teacher":"Kulsum Mam","teacher_id":19,"class_level":"hsc_2","section":"humanities"},"12:00":{"subject":"Social Work 2nd","teacher":null,"teacher_id":null,"class_level":"hsc_2","section":"humanities"},"13:00":{"subject":"Civics 1st","teacher":null,"teacher_id":null,"class_level":"hsc_2","section":"humanities"}},"Wednesday":{"08:00":{"subject":"English 1st","teacher":"Forhad","teacher_id":9,"class_level":"hsc_2","section":"humanities"},"09:00":{"subject":"English 2nd","teacher":null,"teacher_id":null,"class_level":"hsc_2","section":"humanities"},"10:00":{"subject":"ICT","teacher":null,"teacher_id":null,"class_level":"hsc_2","section":"humanities"},"11:00":{"subject":"Social Work 1st","teacher":null,"teacher_id":null,"class_level":"hsc_2","section":"humanities"},"12:00":{"subject":"Social Work 2nd","teacher":null,"teacher_id":null,"class_level":"hsc_2","section":"humanities"},"13:00":{"subject":"Civics 1st","teacher":"Milon Sir","teacher_id":16,"class_level":"hsc_2","section":"humanities"}},"Thursday":{"08:00":{"subject":"English 1st","teacher":null,"teacher_id":null,"class_level":"hsc_2","section":"humanities"},"09:00":{"subject":"English 2nd","teacher":null,"teacher_id":null,"class_level":"hsc_2","section":"humanities"},"10:00":{"subject":"ICT","teacher":null,"teacher_id":null,"class_level":"hsc_2","section":"humanities"},"11:00":{"subject":"Social Work 1st","teacher":null,"teacher_id":null,"class_level":"hsc_2","section":"humanities"},"12:00":{"subject":"Social Work 2nd","teacher":null,"teacher_id":null,"class_level":"hsc_2","section":"humanities"},"13:00":{"subject":"Civics 1st","teacher":null,"teacher_id":null,"class_level":"hsc_2","section":"humanities"}}},"HSC 1st Year \/ Science":{"Saturday":{"08:00":{"subject":"English 2nd","teacher":null,"teacher_id":null,"class_level":"hsc_1","section":"science"},"09:00":{"subject":"ICT","teacher":"Yeasin Sir","teacher_id":1,"class_level":"hsc_1","section":"science"},"10:00":{"subject":"Physics 1st","teacher":"Tarek Sir","teacher_id":6,"class_level":"hsc_1","section":"science"},"11:00":{"subject":"Physics 2nd","teacher":null,"teacher_id":null,"class_level":"hsc_1","section":"science"},"12:00":{"subject":"Chemistry 1st","teacher":null,"teacher_id":null,"class_level":"hsc_1","section":"science"},"13:00":{"subject":"Chemistry 2nd","teacher":null,"teacher_id":null,"class_level":"hsc_1","section":"science"}},"Sunday":{"08:00":{"subject":"English 2nd","teacher":null,"teacher_id":null,"class_level":"hsc_1","section":"science"},"09:00":{"subject":"ICT","teacher":"Yeasin Sir","teacher_id":1,"class_level":"hsc_1","section":"science"},"10:00":{"subject":"Physics 1st","teacher":"Tarek Sir","teacher_id":6,"class_level":"hsc_1","section":"science"},"11:00":{"subject":"Physics 2nd","teacher":null,"teacher_id":null,"class_level":"hsc_1","section":"science"},"12:00":{"subject":"Chemistry 1st","teacher":null,"teacher_id":null,"class_level":"hsc_1","section":"science"},"13:00":{"subject":"Chemistry 2nd","teacher":"Nabid Sir","teacher_id":5,"class_level":"hsc_1","section":"science"}},"Monday":{"08:00":{"subject":"English 2nd","teacher":null,"teacher_id":null,"class_level":"hsc_1","section":"science"},"09:00":{"subject":"ICT","teacher":null,"teacher_id":null,"class_level":"hsc_1","section":"science"},"10:00":{"subject":"Physics 1st","teacher":"Tarek Sir","teacher_id":6,"class_level":"hsc_1","section":"science"},"11:00":{"subject":"Physics 2nd","teacher":null,"teacher_id":null,"class_level":"hsc_1","section":"science"},"12:00":{"subject":"Chemistry 1st","teacher":null,"teacher_id":null,"class_level":"hsc_1","section":"science"},"13:00":{"subject":"Chemistry 2nd","teacher":null,"teacher_id":null,"class_level":"hsc_1","section":"science"}},"Tuesday":{"08:00":{"subject":"English 2nd","teacher":null,"teacher_id":null,"class_level":"hsc_1","section":"science"},"09:00":{"subject":"ICT","teacher":null,"teacher_id":null,"class_level":"hsc_1","section":"science"},"10:00":{"subject":"Physics 1st","teacher":"Tarek Sir","teacher_id":6,"class_level":"hsc_1","section":"science"},"11:00":{"subject":"Physics 2nd","teacher":null,"teacher_id":null,"class_level":"hsc_1","section":"science"},"12:00":{"subject":"Chemistry 1st","teacher":"Rifat Sir","teacher_id":4,"class_level":"hsc_1","section":"science"},"13:00":{"subject":"Chemistry 2nd","teacher":null,"teacher_id":null,"class_level":"hsc_1","section":"science"}},"Wednesday":{"08:00":{"subject":"English 2nd","teacher":null,"teacher_id":null,"class_level":"hsc_1","section":"science"},"09:00":{"subject":"ICT","teacher":null,"teacher_id":null,"class_level":"hsc_1","section":"science"},"10:00":{"subject":"Physics 1st","teacher":"Arman Sir","teacher_id":2,"class_level":"hsc_1","section":"science"},"11:00":{"subject":"Physics 2nd","teacher":null,"teacher_id":null,"class_level":"hsc_1","section":"science"},"12:00":{"subject":"Chemistry 1st","teacher":null,"teacher_id":null,"class_level":"hsc_1","section":"science"},"13:00":{"subject":"Chemistry 2nd","teacher":null,"teacher_id":null,"class_level":"hsc_1","section":"science"}},"Thursday":{"08:00":{"subject":"English 2nd","teacher":null,"teacher_id":null,"class_level":"hsc_1","section":"science"},"09:00":{"subject":"ICT","teacher":null,"teacher_id":null,"class_level":"hsc_1","section":"science"},"10:00":{"subject":"Physics 1st","teacher":"Tarek Sir","teacher_id":6,"class_level":"hsc_1","section":"science"},"11:00":{"subject":"Physics 2nd","teacher":null,"teacher_id":null,"class_level":"hsc_1","section":"science"},"12:00":{"subject":"Chemistry 1st","teacher":null,"teacher_id":null,"class_level":"hsc_1","section":"science"},"13:00":{"subject":"Chemistry 2nd","teacher":"Nabid Sir","teacher_id":5,"class_level":"hsc_1","section":"science"}}},"HSC 1st Year \/ Business Studies":{"Saturday":{"08:00":{"subject":"ICT","teacher":"Yeasin Sir","teacher_id":1,"class_level":"hsc_1","section":"business_studies"},"09:00":{"subject":"Accounting 1st","teacher":"Zakir Sir","teacher_id":12,"class_level":"hsc_1","section":"business_studies"},"10:00":{"subject":"Accounting 2nd","teacher":null,"teacher_id":null,"class_level":"hsc_1","section":"business_studies"},"11:00":{"subject":"Economics 1st","teacher":null,"teacher_id":null,"class_level":"hsc_1","section":"business_studies"},"12:00":{"subject":"Economics 2nd","teacher":null,"teacher_id":null,"class_level":"hsc_1","section":"business_studies"},"13:00":{"subject":"Finance 1st","teacher":null,"teacher_id":null,"class_level":"hsc_1","section":"business_studies"}},"Sunday":{"08:00":{"subject":"ICT","teacher":"Yeasin Sir","teacher_id":1,"class_level":"hsc_1","section":"business_studies"},"09:00":{"subject":"Accounting 1st","teacher":null,"teacher_id":null,"class_level":"hsc_1","section":"business_studies"},"10:00":{"subject":"Accounting 2nd","teacher":null,"teacher_id":null,"class_level":"hsc_1","section":"business_studies"},"11:00":{"subject":"Economics 1st","teacher":"Oishy Mam","teacher_id":13,"class_level":"hsc_1","section":"business_studies"},"12:00":{"subject":"Economics 2nd","teacher":null,"teacher_id":null,"class_level":"hsc_1","section":"business_studies"},"13:00":{"subject":"Finance 1st","teacher":null,"teacher_id":null,"class_level":"hsc_1","section":"business_studies"}},"Monday":{"08:00":{"subject":"ICT","teacher":null,"teacher_id":null,"class_level":"hsc_1","section":"business_studies"},"09:00":{"subject":"Accounting 1st","teacher":"Zakir Sir","teacher_id":12,"class_level":"hsc_1","section":"business_studies"},"10:00":{"subject":"Accounting 2nd","teacher":null,"teacher_id":null,"class_level":"hsc_1","section":"business_studies"},"11:00":{"subject":"Economics 1st","teacher":"Oishy Mam","teacher_id":13,"class_level":"hsc_1","section":"business_studies"},"12:00":{"subject":"Economics 2nd","teacher":null,"teacher_id":null,"class_level":"hsc_1","section":"business_studies"},"13:00":{"subject":"Finance 1st","teacher":null,"teacher_id":null,"class_level":"hsc_1","section":"business_studies"}},"Tuesday":{"08:00":{"subject":"ICT","teacher":null,"teacher_id":null,"class_level":"hsc_1","section":"business_studies"},"09:00":{"subject":"Accounting 1st","teacher":null,"teacher_id":null,"class_level":"hsc_1","section":"business_studies"},"10:00":{"subject":"Accounting 2nd","teacher":null,"teacher_id":null,"class_level":"hsc_1","section":"business_studies"},"11:00":{"subject":"Economics 1st","teacher":"Oishy Mam","teacher_id":13,"class_level":"hsc_1","section":"business_studies"},"12:00":{"subject":"Economics 2nd","teacher":null,"teacher_id":null,"class_level":"hsc_1","section":"business_studies"},"13:00":{"subject":"Finance 1st","teacher":null,"teacher_id":null,"class_level":"hsc_1","section":"business_studies"}},"Wednesday":{"08:00":{"subject":"ICT","teacher":null,"teacher_id":null,"class_level":"hsc_1","section":"business_studies"},"09:00":{"subject":"Accounting 1st","teacher":null,"teacher_id":null,"class_level":"hsc_1","section":"business_studies"},"10:00":{"subject":"Accounting 2nd","teacher":null,"teacher_id":null,"class_level":"hsc_1","section":"business_studies"},"11:00":{"subject":"Economics 1st","teacher":null,"teacher_id":null,"class_level":"hsc_1","section":"business_studies"},"12:00":{"subject":"Economics 2nd","teacher":null,"teacher_id":null,"class_level":"hsc_1","section":"business_studies"},"13:00":{"subject":"Finance 1st","teacher":null,"teacher_id":null,"class_level":"hsc_1","section":"business_studies"}},"Thursday":{"08:00":{"subject":"ICT","teacher":null,"teacher_id":null,"class_level":"hsc_1","section":"business_studies"},"09:00":{"subject":"Accounting 1st","teacher":"Zakir Sir","teacher_id":12,"class_level":"hsc_1","section":"business_studies"},"10:00":{"subject":"Accounting 2nd","teacher":null,"teacher_id":null,"class_level":"hsc_1","section":"business_studies"},"11:00":{"subject":"Economics 1st","teacher":"Oishy Mam","teacher_id":13,"class_level":"hsc_1","section":"business_studies"},"12:00":{"subject":"Economics 2nd","teacher":null,"teacher_id":null,"class_level":"hsc_1","section":"business_studies"},"13:00":{"subject":"Finance 1st","teacher":null,"teacher_id":null,"class_level":"hsc_1","section":"business_studies"}}},"HSC 1st Year \/ Humanities":{"Saturday":{"08:00":{"subject":"Social Work 1st","teacher":"Kulsum Mam","teacher_id":19,"class_level":"hsc_1","section":"humanities"},"09:00":{"subject":"Social Work 2nd","teacher":null,"teacher_id":null,"class_level":"hsc_1","section":"humanities"},"10:00":{"subject":"Civics 1st","teacher":null,"teacher_id":null,"class_level":"hsc_1","section":"humanities"},"11:00":{"subject":"Civics 2nd","teacher":null,"teacher_id":null,"class_level":"hsc_1","section":"humanities"},"12:00":{"subject":"Economics 1st","teacher":null,"teacher_id":null,"class_level":"hsc_1","section":"humanities"},"13:00":{"subject":"Economics 2nd","teacher":null,"teacher_id":null,"class_level":"hsc_1","section":"humanities"}},"Sunday":{"08:00":{"subject":"Social Work 1st","teacher":null,"teacher_id":null,"class_level":"hsc_1","section":"humanities"},"09:00":{"subject":"Social Work 2nd","teacher":null,"teacher_id":null,"class_level":"hsc_1","section":"humanities"},"10:00":{"subject":"Civics 1st","teacher":null,"teacher_id":null,"class_level":"hsc_1","section":"humanities"},"11:00":{"subject":"Civics 2nd","teacher":null,"teacher_id":null,"class_level":"hsc_1","section":"humanities"},"12:00":{"subject":"Economics 1st","teacher":"Oishy Mam","teacher_id":13,"class_level":"hsc_1","section":"humanities"},"13:00":{"subject":"Economics 2nd","teacher":null,"teacher_id":null,"class_level":"hsc_1","section":"humanities"}},"Monday":{"08:00":{"subject":"Social Work 1st","teacher":null,"teacher_id":null,"class_level":"hsc_1","section":"humanities"},"09:00":{"subject":"Social Work 2nd","teacher":null,"teacher_id":null,"class_level":"hsc_1","section":"humanities"},"10:00":{"subject":"Civics 1st","teacher":null,"teacher_id":null,"class_level":"hsc_1","section":"humanities"},"11:00":{"subject":"Civics 2nd","teacher":null,"teacher_id":null,"class_level":"hsc_1","section":"humanities"},"12:00":{"subject":"Economics 1st","teacher":"Oishy Mam","teacher_id":13,"class_level":"hsc_1","section":"humanities"},"13:00":{"subject":"Economics 2nd","teacher":null,"teacher_id":null,"class_level":"hsc_1","section":"humanities"}},"Tuesday":{"08:00":{"subject":"Social Work 1st","teacher":"Kulsum Mam","teacher_id":19,"class_level":"hsc_1","section":"humanities"},"09:00":{"subject":"Social Work 2nd","teacher":null,"teacher_id":null,"class_level":"hsc_1","section":"humanities"},"10:00":{"subject":"Civics 1st","teacher":null,"teacher_id":null,"class_level":"hsc_1","section":"humanities"},"11:00":{"subject":"Civics 2nd","teacher":null,"teacher_id":null,"class_level":"hsc_1","section":"humanities"},"12:00":{"subject":"Economics 1st","teacher":"Oishy Mam","teacher_id":13,"class_level":"hsc_1","section":"humanities"},"13:00":{"subject":"Economics 2nd","teacher":null,"teacher_id":null,"class_level":"hsc_1","section":"humanities"}},"Wednesday":{"08:00":{"subject":"Social Work 1st","teacher":null,"teacher_id":null,"class_level":"hsc_1","section":"humanities"},"09:00":{"subject":"Social Work 2nd","teacher":null,"teacher_id":null,"class_level":"hsc_1","section":"humanities"},"10:00":{"subject":"Civics 1st","teacher":"Milon Sir","teacher_id":16,"class_level":"hsc_1","section":"humanities"},"11:00":{"subject":"Civics 2nd","teacher":null,"teacher_id":null,"class_level":"hsc_1","section":"humanities"},"12:00":{"subject":"Economics 1st","teacher":null,"teacher_id":null,"class_level":"hsc_1","section":"humanities"},"13:00":{"subject":"Economics 2nd","teacher":null,"teacher_id":null,"class_level":"hsc_1","section":"humanities"}},"Thursday":{"08:00":{"subject":"Social Work 1st","teacher":null,"teacher_id":null,"class_level":"hsc_1","section":"humanities"},"09:00":{"subject":"Social Work 2nd","teacher":null,"teacher_id":null,"class_level":"hsc_1","section":"humanities"},"10:00":{"subject":"Civics 1st","teacher":null,"teacher_id":null,"class_level":"hsc_1","section":"humanities"},"11:00":{"subject":"Civics 2nd","teacher":null,"teacher_id":null,"class_level":"hsc_1","section":"humanities"},"12:00":{"subject":"Economics 1st","teacher":"Oishy Mam","teacher_id":13,"class_level":"hsc_1","section":"humanities"},"13:00":{"subject":"Economics 2nd","teacher":null,"teacher_id":null,"class_level":"hsc_1","section":"humanities"}}}}