﻿class_level,section,routine_date,time_slot,subject,teacher_id
hsc_1,science,2025-12-08,4:00,Math,18
hsc_1,science,2025-12-08,5:00,Physics,
hsc_1,science,2025-12-08,6:00,English,6
hsc_1,humanities,2025-12-08,5:00,"Social Work",14
hsc_1,humanities,2025-12-08,6:00,Economics,11
hsc_1,business_studies,2025-12-08,4:00,Exam,
hsc_1,business_studies,2025-12-08,5:00,"Social work",14
hsc_1,business_studies,2025-12-08,6:00,"Economics / Statistics",
hsc_2,science,2025-12-08,4:00,Math,18
hsc_2,science,2025-12-08,5:00,Physics,
hsc_2,science,2025-12-08,6:00,English,6
hsc_2,humanities,2025-12-08,4:00,"Social Work",14
hsc_2,humanities,2025-12-08,5:00,English,6
hsc_2,business_studies,2025-12-08,4:00,Accounting,8
hsc_2,business_studies,2025-12-08,5:00,English,6
hsc_2,business_studies,2025-12-08,6:00,"Production Management",9
hsc_1,science,2025-12-09,5:00,"Biology ",20
hsc_1,science,2025-12-09,6:00,Math,18
hsc_1,humanities,2025-12-09,4:00,Ict,2
hsc_1,humanities,2025-12-09,4:00,Exam,
hsc_1,humanities,2025-12-09,5:00,"English ",6
hsc_1,humanities,2025-12-09,5:00,"Civics ",13
hsc_1,humanities,2025-12-09,6:00,"Islamic history ",11
hsc_1,humanities,2025-12-09,6:00,"Bangla ",4
hsc_1,business_studies,2025-12-09,4:00,"ICT ",2
hsc_1,business_studies,2025-12-09,4:00,Exam,
hsc_1,business_studies,2025-12-09,5:00,"English ",6
hsc_1,business_studies,2025-12-09,5:00,"Business organisations ",9
hsc_1,business_studies,2025-12-09,6:00,"Production management ",10
hsc_1,business_studies,2025-12-09,6:00,"Bangla ",4
hsc_2,science,2025-12-09,4:00,Math,19
hsc_2,science,2025-12-09,4:00,"Bangla ",4
hsc_2,science,2025-12-09,5:00,"Chemistry ",16
hsc_2,science,2025-12-09,5:00,Math,18
hsc_2,science,2025-12-09,6:00,"Biology ",20
hsc_2,humanities,2025-12-09,5:00,Ict,2
hsc_2,humanities,2025-12-09,5:00,"Bangla ",4
hsc_2,humanities,2025-12-09,6:00,"English ",6
hsc_2,business_studies,2025-12-09,4:00,"Production management ",10
hsc_2,business_studies,2025-12-09,400,"Business organisations ",9
hsc_2,business_studies,2025-12-09,5:00,"ICT ",2
hsc_2,business_studies,2025-12-09,5:00,"Bangla ",4
hsc_2,business_studies,2025-12-09,6:00,"English ",6
hsc_2,business_studies,2025-12-09,6:00,"Finance ",9
hsc_1,science,2025-12-10,5:00,"Biology ",20
hsc_1,science,2025-12-10,6:00,"Math ",18
hsc_1,humanities,2025-12-10,4:00,Exam,
hsc_1,humanities,2025-12-10,5:00,"Civics ",13
hsc_1,humanities,2025-12-10,6:00,"Bangla ",4
hsc_1,business_studies,2025-12-10,4:00,Exam,
hsc_1,business_studies,2025-12-10,5:00,"Business organisations ",9
hsc_1,business_studies,2025-12-10,6:00,"Bangla ",4
hsc_2,science,2025-12-10,4:00,"Bangla ",4
hsc_2,science,2025-12-10,5:00,Math,18
hsc_2,science,2025-12-10,6:00,"Biology ",20
hsc_2,humanities,2025-12-10,5:00,"Bangla ",4
hsc_2,business_studies,2025-12-10,4:00,"Business organisations ",9
hsc_2,business_studies,2025-12-10,5:00,"Bangla ",4
hsc_2,business_studies,2025-12-10,6:00,"Finance ",9
hsc_1,science,2025-12-13,"4:00 PM",Exam,
hsc_1,science,2025-12-13,5:00,Biology,20
hsc_1,science,2025-12-13,6:00,Bangla,3
hsc_1,humanities,2025-12-13,4:00,Bangla,3
hsc_1,humanities,2025-12-13,5:00,"Social Work",14
hsc_1,humanities,2025-12-13,6:00,ICT,2
hsc_1,business_studies,2025-12-13,4:00,Bangla,3
hsc_1,business_studies,2025-12-13,5:00,Accounting,8
hsc_1,business_studies,2025-12-13,6:00,ICT,2
hsc_2,science,2025-12-13,5:00,Bangla,3
hsc_2,science,2025-12-13,6:00,Biology,20
hsc_2,humanities,2025-12-13,4:00,"Social Work",14
hsc_2,humanities,2025-12-13,5:00,ICT,2
hsc_2,business_studies,2025-12-13,4:00,Accounting,8
hsc_2,business_studies,2025-12-13,5:00,ICT,2
hsc_1,science,2025-12-14,5:00,Math,19
hsc_1,science,2025-12-14,6:00,"Physics ",21
hsc_1,science,2025-12-14,7:00,ICT,2
hsc_1,humanities,2025-12-14,5:00,ICT,2
hsc_1,humanities,2025-12-14,6:00,"Economic ",11
hsc_1,business_studies,2025-12-14,4:00,"Production Management ",10
hsc_1,business_studies,2025-12-14,5:00,ICT,2
hsc_1,business_studies,2025-12-14,6:00,Economics,11
hsc_2,science,2025-12-14,4:00,Math,19
hsc_2,science,2025-12-14,5:00,Physics,21
hsc_2,science,2025-12-14,6:00,Ict,2
hsc_2,humanities,2025-12-14,4:00,"ICT ",2
hsc_2,humanities,2025-12-14,5:00,"Economic ",11
hsc_2,business_studies,2025-12-14,4:00,"ICT ",2
hsc_2,business_studies,2025-12-14,5:00,"Economic/ statistics ",11
hsc_1,science,2025-12-15,5:00,Biology,22
hsc_1,science,2025-12-15,6:00,Bangla,4
hsc_1,humanities,2025-12-15,4:00,Civics,13
hsc_1,humanities,2025-12-15,5:00,"Islamic History",11
hsc_1,business_studies,2025-12-15,4:00,"Finance & Banking Insurance",9
hsc_1,business_studies,2025-12-15,5:00,Accounting,8
hsc_1,business_studies,2025-12-15,6:00,English,6
hsc_2,science,2025-12-15,4:00,English,6
hsc_2,science,2025-12-15,5:00,Bangla,4
hsc_2,science,2025-12-15,6:00,Biology,22
hsc_2,humanities,2025-12-15,5:00,English,6
hsc_2,humanities,2025-12-15,6:00,"Islamic History",11
hsc_2,business_studies,2025-12-15,"4:00 ",Accounting,8
hsc_2,business_studies,2025-12-15,5:00,English,6
hsc_2,business_studies,2025-12-15,6:00,"Finance & Banking Insurance ",9
hsc_1,science,2025-12-17,5:00,Math,18
hsc_1,science,2025-12-17,6:00,Biology,22
hsc_1,humanities,2025-12-17,4:00,Exam,
hsc_1,humanities,2025-12-17,5:00,Civics,13
hsc_1,humanities,2025-12-17,6:00,English,5
hsc_1,business_studies,2025-12-17,4:00,Exam,
hsc_1,business_studies,2025-12-17,5:00,BOM,9
hsc_1,business_studies,2025-12-17,6:00,English,5
hsc_2,science,2025-12-17,4:00,ICT,2
hsc_2,science,2025-12-17,5:00,Biology,22
hsc_2,science,2025-12-17,6:00,Math,18
hsc_2,humanities,2025-12-17,5:00,ICT,2
hsc_2,humanities,2025-12-17,6:00,Civics,13
hsc_2,business_studies,2025-12-17,4:00,BOM,9
hsc_2,business_studies,2025-12-17,5:00,ICT,2
hsc_2,business_studies,2025-12-17,6:00,Finance,9
hsc_1,science,2025-12-18,5:00,"Bangla ",4
hsc_1,science,2025-12-18,6:00,"Chemistry ",17
hsc_1,science,2025-12-18,7:00,"Physics ",21
hsc_1,humanities,2025-12-18,"4:00 ","Social work ",14
hsc_1,humanities,2025-12-18,5:00,"English ",5
hsc_1,humanities,2025-12-18,6:00,"Bangla ",4
hsc_1,business_studies,2025-12-18,4:00,"Accounting ",8
hsc_1,business_studies,2025-12-18,5:00,"English ",5
hsc_1,business_studies,2025-12-18,6:00,"Bangla ",4
hsc_2,science,2025-12-18,5:00,"Chemistry ",17
hsc_2,science,2025-12-18,6:00,"Physics ",1
hsc_2,humanities,2025-12-18,4:00,"Bangla ",4
hsc_2,humanities,2025-12-18,5:00,"Social work ",14
hsc_2,humanities,2025-12-18,6:00,"English ",5
hsc_2,business_studies,2025-12-18,4:00,Bangla,4
hsc_2,business_studies,2025-12-18,5:oo,"Accounting ",8
hsc_2,business_studies,2025-12-18,6:00,"English ",5
hsc_1,science,2025-12-20,4:00,"Exam ",
hsc_1,science,2025-12-20,5:00,"Biology ",20
hsc_1,science,2025-12-20,6:00,"ICT ",2
hsc_1,science,2025-12-20,7:00,"Bangla ",3
hsc_1,humanities,2025-12-20,4:00,"Bangla ",3
hsc_1,humanities,2025-12-20,5:00,"Social work",14
hsc_1,business_studies,2025-12-20,4:00,"Bangla ",3
hsc_1,business_studies,2025-12-20,5:00,"Accounting ",8
hsc_2,science,2025-12-20,5:00,"Bangla ",3
hsc_2,science,2025-12-20,6:00,"Biology ",20
hsc_2,humanities,2025-12-20,4:00,"Social work",14
hsc_2,humanities,2025-12-20,5:00,"ICT ",2
hsc_2,humanities,2025-12-20,6:00,"Bangla ",3
hsc_2,business_studies,2025-12-20,4:00,"Accounting ",8
hsc_2,business_studies,2025-12-20,5:00,"ICT ",2
hsc_2,business_studies,2025-12-20,6:00,"Bangla ",3
hsc_1,science,2025-12-21,5:00,Chemitry,17
hsc_1,science,2025-12-21,6:00,"Physics ",1
hsc_1,science,2025-12-21,"7:00 ","ICT ",2
hsc_1,humanities,2025-12-21,5:00,"ICT ",2
hsc_1,humanities,2025-12-21,6:00,"Economic ",11
hsc_1,business_studies,2025-12-21,4:00,"Production management ",10
hsc_1,business_studies,2025-12-21,5:00,"ICT ",2
hsc_1,business_studies,2025-12-21,6:00,"Economic /Statistics ",11
hsc_2,science,2025-12-21,4:00,"Chemistry ",17
hsc_2,science,2025-12-21,5:00,"Physics ",1
hsc_2,science,2025-12-21,6:00,"ICT ",2
hsc_2,humanities,2025-12-21,4:00,"ICT ",2
hsc_2,humanities,2025-12-21,5:00,"Economic ",11
hsc_2,business_studies,2025-12-21,4:00,"ICT ",2
hsc_2,business_studies,2025-12-21,5:00,"Economic / statistics ",11
hsc_1,science,2025-12-22,5:00,"Biology ",22
hsc_1,science,2025-12-22,6:00,Bangla,4
hsc_1,humanities,2025-12-22,4:00,"Civics ",13
hsc_1,humanities,2025-12-22,5:00,"English ",6
hsc_1,humanities,2025-12-22,6:00,"Economic ",11
hsc_1,business_studies,2025-12-22,4:00,"Accounting ",8
hsc_1,business_studies,2025-12-22,5:00,"English ",6
hsc_1,business_studies,2025-12-22,6:00,"Economic ",11
hsc_2,science,2025-12-22,4:00,"English ",6
hsc_2,science,2025-12-22,5:00,Bangla,4
hsc_2,science,2025-12-22,6:00,"Biology ",22
hsc_2,humanities,2025-12-22,5:00,"Civics ",13
hsc_2,humanities,2025-12-22,6:00,"English ",6
hsc_2,business_studies,2025-12-22,4:00,"Production management ",10
hsc_2,business_studies,2025-12-22,5:00,"Accounting ",8
hsc_2,business_studies,2025-12-22,6:00,"English ",6
hsc_1,science,2025-12-23,4:00,Math,19
hsc_1,science,2025-12-23,5:00,"Chemistry ",16
hsc_1,science,2025-12-23,6:00,"English ",6
hsc_1,humanities,2025-12-23,4:00,"Civics ",13
hsc_1,humanities,2025-12-23,5:00,"English ",6
hsc_1,business_studies,2025-12-23,4:00,"Business organisation ",9
hsc_1,business_studies,2025-12-23,5:00,"English ",6
hsc_1,business_studies,2025-12-23,6:00,"Finance ",9
hsc_2,science,2025-12-23,4:00,"Chemistry ",16
hsc_2,science,2025-12-23,5:00,Math,19
hsc_2,humanities,2025-12-23,4:00,"English ",6
hsc_2,humanities,2025-12-23,5:00,"Civics ",13
hsc_2,business_studies,2025-12-23,4:00,"English ",6
hsc_2,business_studies,2025-12-23,5:00,"Finance ",9
hsc_1,science,2025-12-24,4:00,math,18
hsc_1,science,2025-12-24,5:00,"Biology ",20
hsc_1,humanities,2025-12-24,4:00,"Bangla ",4
hsc_1,humanities,2025-12-24,5:00,"Social work ",14
hsc_1,business_studies,2025-12-24,4:00,"Bangla ",4
hsc_1,business_studies,2025-12-24,5:00,"Finance ",9
hsc_2,science,2025-12-24,5:00,Math,18
hsc_2,science,2025-12-24,6:00,"Biology ",20
hsc_2,humanities,2025-12-24,4:00,"Social work",14
hsc_2,humanities,2025-12-24,5:00,"Bangla ",4
hsc_2,business_studies,2025-12-24,4:00,"Business organisation",9
hsc_2,business_studies,2025-12-24,5:00,"Bangla ",4
hsc_2,business_studies,2025-12-24,"6:00 ","Finance ",9
hsc_1,science,2025-12-27,4:00,"Biology ",22
hsc_1,science,2025-12-27,5:00,"Physics ",1
hsc_1,humanities,2025-12-27,5:00,"ICT ",2
hsc_1,humanities,2025-12-27,6:00,"Bangla ",4
hsc_1,business_studies,2025-12-27,5:00,"ICT ",2
hsc_1,business_studies,2025-12-27,6:00,"Bangla ",4
hsc_2,science,2025-12-27,5:00,"Biology ",22
hsc_2,science,2025-12-27,6:00,"Physics ",1
hsc_2,humanities,2025-12-27,5:00,"Bangla ",4
hsc_2,humanities,2025-12-27,6:00,"ICT ",2
hsc_2,business_studies,2025-12-27,5:00,"Bangla ",4
hsc_2,business_studies,2025-12-27,6:00,"ICT ",2
hsc_1,science,2025-12-28,4:00,Math,19
hsc_1,science,2025-12-28,5:00,"Physics ",1
hsc_1,science,2025-12-28,6:00,"ICT ",2
hsc_1,humanities,2025-12-28,4:00,"ICT ",2
hsc_1,humanities,2025-12-28,5:00,"Islamic history ",11
hsc_1,business_studies,2025-12-28,4:00,"ICT ",2
hsc_1,business_studies,2025-12-28,5:00,"Accounting ",8
hsc_2,science,2025-12-28,5:00,Math,19
hsc_2,science,2025-12-28,6:00,"Physics ",1
hsc_2,humanities,2025-12-28,4:00,"Islamic history ",11
hsc_2,humanities,2025-12-28,5:00,"ICT ",2
hsc_2,business_studies,2025-12-28,4:00,"Accounting ",8
hsc_2,business_studies,2025-12-28,5:00,"ICT ",2
hsc_1,science,2025-12-29,4:00,Math,18
hsc_1,science,2025-12-29,4:00,"Chemistry ",16
hsc_1,science,2025-12-29,5:00,"Biology ",22
hsc_1,science,2025-12-29,5:00,"Physics ",21
hsc_1,science,2025-12-29,6:00,"Bangla ",4
hsc_1,humanities,2025-12-29,4:00,"English ",5
hsc_1,humanities,2025-12-29,5:00,"Civics ",13
hsc_1,business_studies,2025-12-29,4:00,"English ",5
hsc_1,business_studies,2025-12-29,5:00,"Accounting ",8
hsc_2,science,2025-12-29,5:00,"Chemistry ",16
hsc_2,science,2025-12-29,5:00,Math,18
hsc_2,science,2025-12-29,6:00,"Physics ",21
hsc_2,humanities,2025-12-29,4:00,"Civics ",13
hsc_2,humanities,2025-12-29,5:00,"English ",5
hsc_2,business_studies,2025-12-29,4:00,"Accounting ",8
hsc_2,business_studies,2025-12-29,5:00,"English ",5
hsc_1,science,2025-12-30,4:00,"Chemistry ",16
hsc_1,science,2025-12-30,5:00,"Biology ",22
hsc_1,science,2025-12-30,6:00,"Bangla ",4
hsc_1,humanities,2025-12-30,4:00,"Islamic history ",11
hsc_1,humanities,2025-12-30,5:00,"Bangla ",4
hsc_1,business_studies,2025-12-30,4:00,"Business organisation ",9
hsc_1,business_studies,2025-12-30,5:00,"Bangla ",4
hsc_1,business_studies,2025-12-30,6:00,"Finance ",9
hsc_2,science,2025-12-30,5:00,"Chemistry ",16
hsc_2,science,2025-12-30,6:00,"Biology ",22
hsc_2,humanities,2025-12-30,4:00,"Bangla ",4
hsc_2,humanities,2025-12-30,5:00,"Islamic history ",11
hsc_2,business_studies,2025-12-30,4:00,"Bangla ",4
hsc_2,business_studies,2025-12-30,5:00,"Finance ",9
hsc_1,science,2026-01-01,5:00,Math,12
hsc_1,science,2026-01-01,6:00,"Biology ",6
hsc_1,humanities,2026-01-01,4:00,"Social work",7
hsc_1,humanities,2026-01-01,5:00,"Bangla ",18
hsc_1,business_studies,2026-01-01,4:00,"Production management ",2
hsc_1,business_studies,2026-01-01,5:00,"Bangla ",18
hsc_1,business_studies,2026-01-01,6:00,"Accounting ",23
hsc_2,science,2026-01-01,4:00,Math,12
hsc_2,science,2026-01-01,5:00,"Biology ",6
hsc_2,humanities,2026-01-01,4:00,"Bangla ",18
hsc_2,humanities,2026-01-01,5:00,"Social work",7
hsc_2,business_studies,2026-01-01,4:00,"Bangla ",18
hsc_2,business_studies,2026-01-01,5:00,"Accounting ",23
hsc_2,science,2026-01-02,4:00,English,14
hsc_2,science,2026-01-02,4:00,Exam,
hsc_2,science,2026-01-02,5:00,ICT,22
hsc_1,science,2026-01-03,4:00,Bangla,17
hsc_1,science,2026-01-03,5:00,Exam,
hsc_1,humanities,2026-01-03,4:00,ICT,22
hsc_1,humanities,2026-01-03,5:00,"Social Work",7
hsc_1,humanities,2026-01-03,6:00,Bangla,17
hsc_1,business_studies,2026-01-03,4:00,ICT,22
hsc_1,business_studies,2026-01-03,5:00,Accounting,23
hsc_1,business_studies,2026-01-03,6:00,Bangla,17
hsc_2,science,2026-01-03,4:00,English,14
hsc_2,science,2026-01-03,5:00,ICT,22
hsc_2,humanities,2026-01-03,4:00,"Social Work",7
hsc_2,humanities,2026-01-03,5:00,Bangla,17
hsc_2,humanities,2026-01-03,6:00,ICT,22
hsc_2,business_studies,2026-01-03,4:00,Accounting,23
hsc_2,business_studies,2026-01-03,5:00,Bangla,17
hsc_2,business_studies,2026-01-03,6:00,ICT,22
hsc_1,science,2026-01-04,5:00,Math,16
hsc_1,science,2026-01-04,6:00,"Physics ",4
hsc_1,humanities,2026-01-04,5:00,"Bangla ",18
hsc_1,humanities,2026-01-04,6:00,"English ",5
hsc_1,business_studies,2026-01-04,5:00,"Bangla ",18
hsc_1,business_studies,2026-01-04,6:00,"English ",5
hsc_2,science,2026-01-04,4:00,"English ",3
hsc_2,science,2026-01-04,5:00,"Physics ",4
hsc_2,science,2026-01-04,6:00,Math,16
hsc_2,humanities,2026-01-04,4:00,"Bangla ",18
hsc_2,humanities,2026-01-04,5:00,"Islamic History",10
hsc_2,business_studies,2026-01-04,4:00,"Bangla ",18
hsc_2,business_studies,2026-01-04,5:00,"Finance ",15
hsc_1,science,2026-01-05,5:00,Physics,4
hsc_1,science,2026-01-05,6:00,"Chemistry ",11
hsc_1,humanities,2026-01-05,5:00,"Social Work",7
hsc_1,humanities,2026-01-05,6:00,"English ",3
hsc_1,business_studies,2026-01-05,5:00,"Accounting ",23
hsc_1,business_studies,2026-01-05,6:00,"English ",3
hsc_2,science,2026-01-05,4:00,"English ",3
hsc_2,science,2026-01-05,5:00,"Chemistry ",11
hsc_2,science,2026-01-05,6:00,"Physics ",4
hsc_2,humanities,2026-01-05,4:00,"Social Work ",7
hsc_2,humanities,2026-01-05,5:00,"English ",3
hsc_2,humanities,2026-01-05,6:00,"Civics ",8
hsc_2,business_studies,2026-01-05,4:00,"Production Management ",2
hsc_2,business_studies,2026-01-05,5:00,"English ",3
hsc_2,business_studies,2026-01-05,6:00,"Accounting ",23
