﻿class_level,section,routine_date,time_slot,subject,teacher_id
hsc_1,science,2026-01-05,5:00,Physics,4
hsc_1,science,2026-01-05,6:00,"Chemistry ",11
hsc_1,humanities,2026-01-05,5:00,"Social Work",7
hsc_1,humanities,2026-01-05,6:00,"English ",3
hsc_1,business_studies,2026-01-05,5:00,"Accounting ",23
hsc_1,business_studies,2026-01-05,6:00,"English ",3
hsc_2,science,2026-01-05,4:00,"English ",3
hsc_2,science,2026-01-05,5:00,"Chemistry ",11
hsc_2,science,2026-01-05,6:00,"Physics ",4
hsc_2,humanities,2026-01-05,4:00,"Social Work ",7
hsc_2,humanities,2026-01-05,5:00,"English ",3
hsc_2,humanities,2026-01-05,6:00,"Civics ",8
hsc_2,business_studies,2026-01-05,4:00,"Production Management ",2
hsc_2,business_studies,2026-01-05,5:00,"English ",3
hsc_2,business_studies,2026-01-05,6:00,"Accounting ",23
