﻿name,subjects,payment,contact_number,is_active,note,available_days
"Akhirul Sir","physics_1st,physics_2nd",350.00,,1,,"Monday,Thursday"
"Alifa Mam","production_management_1st,production_management_2nd",120.00,01866993329,1,"Payment- 5000",
"Aman Sir","english_1st,english_2nd",350.00,,1,,
"Arman Sir","physics_1st,physics_2nd",300.00,01521206285,1,,Sunday
"Forhad Sir","english_2nd,english_1st",200.00,,1,,
"Jayed Sir","zoology,botany",300.00,,1,,
"Kulsum Mam","social_work_1st,social_work_2nd",170.00,,1,,
"Milon Sir","civics_1st,civics_2nd",120.00,,1,"Payment- 2000",
"Nabid Sir","chemistry_1st,chemistry_2nd",300.00,,1,,
"Oishy Mam","history_1st,history_2nd,economics_2nd,economics_1st,islamic_study_1st,islamic_study_2nd",200.00,,1,,
"Rifat Sir","chemistry_1st,chemistry_2nd",300.00,,1,,
"Rudro Sir","math_1st,math_2nd",300.00,,1,,
"Samiul Sir","botany,zoology",400.00,,1,,
"Shimul Sir","english_1st,english_2nd",300.00,,1,,
"Sobuj Sir","finance_1st,finance_2nd,business_management_1st,business_management_2nd",280.00,,1,"Manager - 4500",
"Sojol Sir","math_1st,math_2nd",300.00,,1,,
"Sumon Sir","bangla_1st,bangla_2nd",300.00,01672352600,1,,Saturday
"Tajkia Mam","bangla_2nd,bangla_1st",280.00,01572280429,1,,"Monday,Thursday"
"Tarek Sir","physics_1st,physics_2nd",300.00,,1,,
test,"bangla_1st,bangla_2nd",200.00,01111111,0,,"Saturday,Monday"
"Vabna Mam",statistics,300.00,,1,,
"Yeasin Sir",ict,300.00,01685535099,1,,"Sunday,Saturday"
"Zakir Sir","accounting_1st,accounting_2nd",300.00,,1,,
