﻿name,gender,phone_number,class_level,academic_year,section,monthly_fee,full_payment_override,enrollment_date,status,is_passed,passed_year,notes,attendance_logs
Abir,male,01404671355,hsc_1,2025-2026,business_studies,2000.00,0,2025-09-01,active,0,,,2025-11-01|present||;2025-11-02|present||;2025-11-03|present||;2025-11-04|present||;2025-11-05|present||;2025-11-06|present||;2025-11-08|present||;2025-11-09|present||;2025-11-10|present||;2025-11-11|present||;2025-11-12|present||;2025-11-13|present||;2025-11-15|present||;2025-11-16|present||;2025-11-17|present||;2025-11-18|present||;2025-11-19|present||;2025-11-20|present||;2025-11-22|present||;2025-11-23|present||;2025-11-24|present||;2025-11-25|present||;2025-11-26|present||;2025-11-27|present||;2025-11-29|present||;2025-11-30|present||;2025-12-01|present||;2025-12-02|present||;2025-12-03|present||;2025-12-04|present||;2025-12-06|present||;2025-12-07|present||;2025-12-08|present||;2025-12-09|present||;2025-12-10|present||;2025-12-11|present||;2025-12-13|present||;2025-12-14|present||;2025-12-15|present||;2025-12-17|present||;2025-12-18|present||
"Abu Bokor Siddik",male,01766077565,hsc_1,2025-2026,business_studies,2200.00,0,2025-10-01,inactive,0,,,2025-11-01|present||;2025-11-02|present||;2025-11-03|present||;2025-11-04|present||;2025-11-05|present||;2025-11-06|present||;2025-11-08|present||;2025-11-09|present||;2025-11-10|present||;2025-11-11|present||;2025-11-12|present||;2025-11-13|present||;2025-11-15|present||;2025-11-16|present||;2025-11-17|present||;2025-11-18|present||;2025-11-19|present||;2025-11-20|present||;2025-11-22|present||;2025-11-23|present||;2025-11-24|present||;2025-11-25|present||;2025-11-26|absent||;2025-11-27|present||;2025-11-29|present||;2025-11-30|present||;2025-12-01|present||;2025-12-02|absent||
"Abu Sayed",male,01628740273,hsc_2,2024-2025,science,2600.00,0,2025-11-01,active,0,,,2025-11-01|present||;2025-11-02|present||;2025-11-03|present||;2025-11-04|present||;2025-11-05|present||;2025-11-06|present||;2025-11-08|present||;2025-11-09|present||;2025-11-10|present||;2025-11-11|absent||;2025-11-12|present||;2025-11-13|present||;2025-11-15|present||;2025-11-16|present||;2025-11-17|present||;2025-11-18|present||;2025-11-19|present||;2025-11-20|present||;2025-11-22|present||;2025-11-23|absent||;2025-11-24|present||;2025-11-25|present||;2025-11-26|absent||;2025-11-27|present||;2025-11-29|absent||;2025-11-30|absent||;2025-12-01|present||;2025-12-02|absent||;2025-12-03|present||;2025-12-04|present||;2025-12-06|absent||;2025-12-07|absent||;2025-12-09|present||;2025-12-10|absent||;2025-12-11|present||;2025-12-13|absent||;2025-12-14|present||;2025-12-15|absent||;2025-12-17|absent||;2025-12-18|absent||
Achal,female,01959101065,hsc_2,2024-2025,humanities,2000.00,0,2025-10-01,active,0,,,2025-11-01|present||;2025-11-02|present||;2025-11-03|present||;2025-11-04|present||;2025-11-05|present||;2025-11-06|present||;2025-11-08|present||;2025-11-09|present||;2025-11-10|present||;2025-11-11|present||;2025-11-12|present||;2025-11-13|present||;2025-11-15|present||;2025-11-16|present||;2025-11-17|absent||;2025-11-18|present||;2025-11-19|present||;2025-11-20|absent||;2025-11-22|present||;2025-11-23|present||;2025-11-24|present||;2025-11-25|present||;2025-11-26|present||;2025-11-27|present||;2025-11-29|present||;2025-11-30|present||;2025-12-01|present||;2025-12-02|present||;2025-12-03|present||;2025-12-04|present||;2025-12-06|present||;2025-12-07|present||;2025-12-08|present||;2025-12-09|present||;2025-12-10|absent||;2025-12-11|present||;2025-12-13|present||;2025-12-14|present||;2025-12-15|absent||;2025-12-17|present||;2025-12-18|present||
Anas,male,01840439790,hsc_2,2024-2025,humanities,1800.00,0,2025-09-01,active,0,,,2025-11-01|present||;2025-11-02|present||;2025-11-03|present||;2025-11-04|present||;2025-11-05|present||;2025-11-06|present||;2025-11-08|present||;2025-11-09|present||;2025-11-10|present||;2025-11-11|present||;2025-11-12|present||;2025-11-13|present||;2025-11-15|present||;2025-11-16|present||;2025-11-17|present||;2025-11-18|present||;2025-11-19|present||;2025-11-20|present||;2025-11-22|present||;2025-11-23|present||;2025-11-24|present||;2025-11-25|absent||;2025-11-26|absent||;2025-11-27|present||;2025-11-29|present||;2025-11-30|present||;2025-12-01|present||;2025-12-02|present||;2025-12-03|present||;2025-12-04|present||;2025-12-06|present||;2025-12-07|present||;2025-12-08|present||;2025-12-09|present||;2025-12-10|present||;2025-12-11|present||;2025-12-13|present||;2025-12-14|present||;2025-12-15|present||;2025-12-17|present||;2025-12-18|present||
Anowar,male,10,hsc_1,2025-2026,science,2500.00,0,2025-10-01,inactive,0,,,2025-11-01|present||;2025-11-02|present||;2025-11-03|present||;2025-11-04|present||;2025-11-05|absent||;2025-11-06|absent||;2025-11-08|absent||;2025-11-09|absent||;2025-11-10|absent||;2025-11-11|absent||;2025-11-12|absent||;2025-11-13|absent||;2025-11-15|absent||;2025-11-16|absent||;2025-11-18|absent||;2025-11-19|absent||;2025-11-20|absent||;2025-11-22|absent||
Antora,female,114477,hsc_2,2024-2025,business_studies,2200.00,0,2025-10-01,inactive,0,,,
Arafat,male,01937955093,hsc_1,2025-2026,business_studies,10.00,0,2025-12-09,inactive,0,,"01941907497 ma",2025-12-09|absent||;2025-12-10|present||;2025-12-11|present||;2025-12-13|present||;2025-12-14|absent||;2025-12-15|absent||
Arij,female,01764648842,hsc_1,2025-2026,science,2700.00,0,2025-08-02,active,0,,,2025-11-01|absent||;2025-11-02|present||;2025-11-03|present||;2025-11-04|present||;2025-11-05|present||;2025-11-06|absent||;2025-11-08|absent||;2025-11-09|present||;2025-11-10|present||;2025-11-11|present||;2025-11-12|present||;2025-11-13|present||;2025-11-15|present||;2025-11-16|present||;2025-11-17|present||;2025-11-18|present||;2025-11-19|absent||;2025-11-20|present||;2025-11-22|present||;2025-11-23|present||;2025-11-24|present||;2025-11-25|present||;2025-11-26|present||;2025-11-27|absent||;2025-11-29|absent||;2025-11-30|present||;2025-12-01|present||;2025-12-02|present||;2025-12-03|present||;2025-12-04|present||;2025-12-06|present||;2025-12-07|present||;2025-12-08|present||;2025-12-09|present||;2025-12-10|present||;2025-12-11|present||;2025-12-13|present||;2025-12-14|absent||;2025-12-15|absent||;2025-12-17|absent||;2025-12-18|absent||
Armim,female,01402883405,hsc_2,2024-2025,humanities,1500.00,0,2025-11-01,active,0,,,2025-11-01|present||;2025-11-02|present||;2025-11-03|present||;2025-11-04|present||;2025-11-05|present||;2025-11-06|present||;2025-11-08|present||;2025-11-09|present||;2025-11-10|present||;2025-11-11|absent||;2025-11-12|present||;2025-11-13|present||;2025-11-15|present||;2025-11-16|absent||;2025-11-17|present||;2025-11-18|present||;2025-11-19|present||;2025-11-20|absent||;2025-11-22|present||;2025-11-23|present||;2025-11-24|absent||;2025-11-25|absent||;2025-11-26|present||;2025-11-27|absent||;2025-11-29|present||;2025-11-30|absent||;2025-12-01|present||;2025-12-02|present||;2025-12-03|absent||;2025-12-04|present||;2025-12-06|present||;2025-12-07|present||;2025-12-08|absent||;2025-12-09|absent||;2025-12-10|present||;2025-12-11|present||;2025-12-13|present||;2025-12-14|absent||;2025-12-15|absent||;2025-12-17|present||;2025-12-18|present||
Arnob,male,01880260775,hsc_1,2025-2026,humanities,2500.00,0,2025-11-01,active,0,,,2025-11-01|absent||;2025-11-02|present||;2025-11-03|present||;2025-11-04|present||;2025-11-05|present||;2025-11-06|present||;2025-11-08|absent||;2025-11-09|present||;2025-11-10|present||;2025-11-11|present||;2025-11-12|present||;2025-11-13|present||;2025-11-15|present||;2025-11-16|present||;2025-11-17|present||;2025-11-18|present||;2025-11-19|present||;2025-11-20|present||;2025-11-22|present||;2025-11-23|present||;2025-11-24|present||;2025-11-25|present||;2025-11-26|present||;2025-11-27|present||;2025-11-29|present||;2025-11-30|present||;2025-12-01|present||;2025-12-02|present||;2025-12-03|present||;2025-12-04|absent||;2025-12-06|present||;2025-12-07|present||;2025-12-08|absent||;2025-12-09|absent||;2025-12-10|present||;2025-12-11|present||;2025-12-13|absent||;2025-12-14|present||;2025-12-15|present||;2025-12-17|present||;2025-12-18|absent||
Arobi,female,01629354022,hsc_2,2024-2025,science,2500.00,0,2025-10-01,active,0,,,"2025-11-01|present||;2025-11-02|present||;2025-11-03|present||;2025-11-04|absent||;2025-11-05|absent||;2025-11-06|absent||;2025-11-08|present||;2025-11-09|absent||;2025-11-10|absent||;2025-11-11|absent|Other|;2025-11-12|present||;2025-11-13|absent||;2025-11-15|absent||;2025-11-16|present||;2025-11-17|present||;2025-11-18|present||;2025-11-19|present||;2025-11-20|absent||;2025-11-22|present||;2025-11-23|present||;2025-11-24|present||;2025-11-25|present||;2025-11-26|present||;2025-11-27|present||;2025-11-29|present||;2025-11-30|absent|Other|কলেজ থেকে এসে মাথা ব্যথা;2025-12-01|present||;2025-12-02|present||;2025-12-03|present||;2025-12-04|present||;2025-12-06|present||;2025-12-07|present||;2025-12-09|present||;2025-12-10|present||;2025-12-11|present||;2025-12-13|present||;2025-12-14|present||;2025-12-15|present||;2025-12-17|present||;2025-12-18|absent||"
Bijoy,male,01797199657,hsc_1,2025-2026,business_studies,2500.00,0,2025-10-01,active,0,,,2025-11-01|present||;2025-11-02|present||;2025-11-03|absent||;2025-11-04|present||;2025-11-05|present||;2025-11-06|absent||;2025-11-08|present||;2025-11-09|absent||;2025-11-10|present||;2025-11-11|present||;2025-11-12|present||;2025-11-13|present||;2025-11-15|present||;2025-11-16|present||;2025-11-17|absent||;2025-11-18|absent||;2025-11-19|present||;2025-11-20|present||;2025-11-22|absent||;2025-11-23|present||;2025-11-24|present||;2025-11-25|present||;2025-11-26|present||;2025-11-27|absent||;2025-11-29|present||;2025-11-30|absent||;2025-12-01|absent||;2025-12-02|absent||;2025-12-03|absent||;2025-12-04|present||;2025-12-06|absent||;2025-12-07|present||;2025-12-08|absent||;2025-12-09|absent||;2025-12-10|present||;2025-12-11|present||;2025-12-13|present||;2025-12-14|absent||;2025-12-15|present||;2025-12-17|present||;2025-12-18|present||
Diba,female,01660184036,hsc_1,2025-2026,business_studies,2250.00,0,2025-10-01,active,0,,,2025-11-01|present||;2025-11-02|present||;2025-11-03|absent||;2025-11-04|present||;2025-11-05|present||;2025-11-06|present||;2025-11-08|present||;2025-11-09|present||;2025-11-10|present||;2025-11-11|present||;2025-11-12|present||;2025-11-13|absent||;2025-11-15|absent||;2025-11-16|present||;2025-11-17|present||;2025-11-18|absent||;2025-11-19|present||;2025-11-20|present||;2025-11-22|present||;2025-11-23|present||;2025-11-24|present||;2025-11-25|present||;2025-11-26|absent||;2025-11-27|absent||;2025-11-29|present||;2025-11-30|present||;2025-12-01|present||;2025-12-02|present||;2025-12-03|absent||;2025-12-04|present||;2025-12-06|present||;2025-12-07|present||;2025-12-08|absent||;2025-12-09|present||;2025-12-10|present||;2025-12-11|present||;2025-12-13|absent||;2025-12-14|absent||;2025-12-15|absent||;2025-12-17|present||;2025-12-18|present||
Dina,female,01917373120,hsc_1,2025-2026,science,2600.00,0,2025-10-01,active,0,,,2025-11-01|present||;2025-11-02|present||;2025-11-03|present||;2025-11-04|present||;2025-11-05|present||;2025-11-06|present||;2025-11-08|present||;2025-11-09|present||;2025-11-10|present||;2025-11-11|present||;2025-11-12|present||;2025-11-13|present||;2025-11-15|present||;2025-11-16|present||;2025-11-17|present||;2025-11-18|present||;2025-11-19|present||;2025-11-20|present||;2025-11-22|present||;2025-11-23|present||;2025-11-24|present||;2025-11-25|present||;2025-11-26|present||;2025-11-27|present||;2025-11-29|present||;2025-11-30|present||;2025-12-01|present||;2025-12-02|present||;2025-12-03|present||;2025-12-04|present||;2025-12-06|present||;2025-12-07|present||;2025-12-08|present||;2025-12-09|present||;2025-12-10|present||;2025-12-11|present||;2025-12-13|present||;2025-12-14|present||;2025-12-15|present||;2025-12-17|present||;2025-12-18|present||
Emon,male,01947765925,hsc_2,2024-2025,humanities,1800.00,0,2025-10-01,active,0,,,2025-11-01|present||;2025-11-02|present||;2025-11-03|present||;2025-11-04|present||;2025-11-05|present||;2025-11-06|present||;2025-11-08|present||;2025-11-09|present||;2025-11-10|present||;2025-11-11|present||;2025-11-12|present||;2025-11-13|present||;2025-11-15|present||;2025-11-16|present||;2025-11-17|present||;2025-11-18|present||;2025-11-19|present||;2025-11-20|present||;2025-11-22|present||;2025-11-23|present||;2025-11-24|present||;2025-11-25|absent||;2025-11-26|absent||;2025-11-27|absent||;2025-11-29|present||;2025-11-30|present||;2025-12-01|present||;2025-12-02|present||;2025-12-03|present||;2025-12-04|present||;2025-12-06|present||;2025-12-07|present||;2025-12-08|present||;2025-12-09|present||;2025-12-10|present||;2025-12-11|present||;2025-12-13|present||;2025-12-14|present||;2025-12-15|present||;2025-12-17|present||;2025-12-18|present||
Fahim,male,01996222645,hsc_1,2025-2026,humanities,1800.00,0,2025-10-01,active,0,,,2025-11-01|present||;2025-11-02|present||;2025-11-03|present||;2025-11-04|present||;2025-11-05|present||;2025-11-06|present||;2025-11-08|present||;2025-11-09|absent||;2025-11-10|present||;2025-11-11|present||;2025-11-12|present||;2025-11-13|present||;2025-11-15|present||;2025-11-16|present||;2025-11-17|present||;2025-11-18|absent||;2025-11-19|present||;2025-11-20|present||;2025-11-22|present||;2025-11-23|present||;2025-11-24|present||;2025-11-25|present||;2025-11-26|present||;2025-11-27|absent||;2025-11-29|absent||;2025-11-30|present||;2025-12-01|present||;2025-12-02|present||;2025-12-04|present||;2025-12-06|present||;2025-12-07|absent||;2025-12-08|absent||;2025-12-09|present||;2025-12-10|present||;2025-12-11|present||;2025-12-13|absent||;2025-12-14|absent||;2025-12-15|present||;2025-12-17|present||;2025-12-18|absent||
"Fahim 2",male,01945564528,hsc_1,2025-2026,humanities,2000.00,0,2025-10-01,active,0,,,2025-11-01|absent||;2025-11-02|present||;2025-11-03|absent||;2025-11-04|absent||;2025-11-05|absent||;2025-11-06|present||;2025-11-08|present||;2025-11-09|present||;2025-11-10|absent||;2025-11-11|absent||;2025-11-12|present||;2025-11-13|present||;2025-11-15|present||;2025-11-16|present||;2025-11-17|present||;2025-11-18|present||;2025-11-19|absent||;2025-11-20|present||;2025-11-22|present||;2025-11-23|present||;2025-11-24|present||;2025-11-25|absent||;2025-11-26|present||;2025-11-27|present||;2025-11-29|absent||;2025-11-30|present||;2025-12-01|present||;2025-12-02|present||;2025-12-04|absent||;2025-12-06|present||;2025-12-07|absent||;2025-12-08|present||;2025-12-09|present||;2025-12-10|present||;2025-12-11|absent||;2025-12-13|absent||;2025-12-14|absent||;2025-12-15|present||;2025-12-17|absent||;2025-12-18|present||
Firoz,male,01788684330,hsc_2,2024-2025,science,2500.00,0,2025-10-01,active,0,,,"2025-11-01|present||;2025-11-02|present||;2025-11-03|present||;2025-11-04|present||;2025-11-05|present||;2025-11-06|absent||;2025-11-08|present||;2025-11-09|absent||;2025-11-10|absent||;2025-11-11|present||;2025-11-12|present||;2025-11-13|absent||;2025-11-15|absent||;2025-11-16|present||;2025-11-17|present||;2025-11-18|absent||;2025-11-19|present||;2025-11-20|absent||;2025-11-22|present||;2025-11-23|absent||;2025-11-24|present||;2025-11-25|present||;2025-11-26|absent||;2025-11-27|absent||;2025-11-29|present||;2025-11-30|present||;2025-12-01|absent||;2025-12-02|present||;2025-12-03|present||;2025-12-04|absent||;2025-12-06|present||;2025-12-07|absent||;2025-12-09|present||;2025-12-10|absent||;2025-12-11|absent||;2025-12-13|present||;2025-12-14|absent|Other|পরিক্ষা ;2025-12-15|present||;2025-12-17|present||;2025-12-18|absent||"
Himika,female,01843427603,hsc_1,2025-2026,science,2700.00,0,2025-08-02,active,0,,,2025-11-01|present||;2025-11-02|present||;2025-11-03|present||;2025-11-04|present||;2025-11-05|present||;2025-11-06|absent||;2025-11-08|absent||;2025-11-09|present||;2025-11-10|present||;2025-11-11|present||;2025-11-12|present||;2025-11-13|present||;2025-11-15|present||;2025-11-16|present||;2025-11-17|present||;2025-11-18|present||;2025-11-19|present||;2025-11-20|present||;2025-11-22|present||;2025-11-23|present||;2025-11-24|present||;2025-11-25|present||;2025-11-26|present||;2025-11-27|present||;2025-11-29|present||;2025-11-30|present||;2025-12-01|present||;2025-12-02|present||;2025-12-03|present||;2025-12-04|present||;2025-12-06|present||;2025-12-07|present||;2025-12-08|present||;2025-12-09|present||;2025-12-10|present||;2025-12-11|present||;2025-12-13|present||;2025-12-14|present||;2025-12-15|present||;2025-12-17|present||;2025-12-18|present||
Hiya,female,01919922318,hsc_1,2025-2026,business_studies,2500.00,0,2025-11-03,inactive,0,,,2025-11-03|present||;2025-11-04|present||;2025-11-05|present||;2025-11-06|present||;2025-11-08|present||;2025-11-09|present||;2025-11-10|absent||;2025-11-11|absent||;2025-11-12|absent||;2025-11-13|absent||;2025-11-15|absent||;2025-11-16|absent||;2025-11-17|present||;2025-11-18|present||;2025-11-19|present||;2025-11-20|present||;2025-11-22|present||;2025-11-23|present||;2025-11-24|absent||;2025-11-25|absent||;2025-11-26|absent||;2025-11-27|absent||;2025-11-29|absent||
Hridoy,male,01568733216,hsc_2,2024-2025,business_studies,2000.00,0,2025-09-01,active,0,,,2025-11-01|absent||;2025-11-02|absent||;2025-11-03|absent||;2025-11-04|absent||;2025-11-05|absent||;2025-11-06|absent||;2025-11-08|absent||;2025-11-09|absent||;2025-11-10|absent||;2025-11-11|absent||;2025-11-12|absent||;2025-11-13|absent||;2025-11-15|absent||;2025-11-16|present||;2025-11-17|present||;2025-11-18|present||;2025-11-19|present||;2025-11-20|absent||;2025-11-22|present||;2025-11-23|absent||;2025-11-24|present||;2025-11-25|present||;2025-11-26|present||;2025-11-27|absent||;2025-11-29|present||;2025-11-30|absent||;2025-12-01|present||;2025-12-02|present||;2025-12-03|absent||;2025-12-04|present||;2025-12-06|present||;2025-12-07|present||;2025-12-08|present||;2025-12-09|present||;2025-12-10|absent||;2025-12-11|absent||;2025-12-13|absent||;2025-12-14|absent||;2025-12-15|absent||;2025-12-17|absent||;2025-12-18|absent||
Ishaan,male,01781227499,hsc_2,2024-2025,business_studies,2000.00,0,2025-12-09,active,0,,,2025-12-10|present||;2025-12-11|absent||;2025-12-13|present||;2025-12-14|present||;2025-12-15|absent||;2025-12-17|absent||;2025-12-18|present||
Israt,female,01622789750,hsc_2,2024-2025,science,2800.00,0,2025-09-01,active,0,,,2025-11-01|present||;2025-11-02|present||;2025-11-03|present||;2025-11-04|present||;2025-11-05|present||;2025-11-06|present||;2025-11-08|present||;2025-11-09|present||;2025-11-10|present||;2025-11-11|present||;2025-11-12|present||;2025-11-13|present||;2025-11-15|present||;2025-11-16|absent||;2025-11-17|present||;2025-11-18|present||;2025-11-19|present||;2025-11-20|present||;2025-11-22|present||;2025-11-23|present||;2025-11-24|present||;2025-11-25|present||;2025-11-26|present||;2025-11-27|absent||;2025-11-29|absent||;2025-11-30|present||;2025-12-01|present||;2025-12-02|present||;2025-12-03|present||;2025-12-04|present||;2025-12-06|absent||;2025-12-07|present||;2025-12-09|present||;2025-12-10|present||;2025-12-11|present||;2025-12-13|absent||;2025-12-14|present||;2025-12-15|present||;2025-12-17|present||;2025-12-18|present||
Jannat,female,01968666318,hsc_1,2025-2026,business_studies,1800.00,0,2025-11-10,inactive,0,,,2025-11-10|present||;2025-11-11|present||;2025-11-12|absent||;2025-11-13|present||;2025-11-15|absent||;2025-11-16|absent||;2025-11-17|absent||;2025-11-18|absent||;2025-11-19|absent||;2025-11-20|present||;2025-11-22|absent||;2025-11-23|absent||;2025-11-24|absent||;2025-11-25|absent||;2025-11-26|absent||;2025-11-27|absent||;2025-11-29|absent||
Jannat,female,01912242673,hsc_2,2024-2025,business_studies,2200.00,0,2025-10-01,inactive,0,,,2025-11-01|absent||;2025-11-02|present||;2025-11-03|present||;2025-11-04|present||;2025-11-05|present||;2025-11-06|absent||;2025-11-08|absent||;2025-11-09|present||;2025-11-10|absent||;2025-11-11|present||;2025-11-12|present||;2025-11-13|absent||;2025-11-15|absent||;2025-11-16|present||;2025-11-17|present||;2025-11-18|present||;2025-11-19|present||;2025-11-20|present||;2025-11-22|absent||;2025-11-23|absent||;2025-11-24|absent||;2025-11-25|absent||;2025-11-26|absent||;2025-11-27|absent||;2025-11-29|absent||;2025-11-30|absent||;2025-12-01|absent||;2025-12-02|absent||;2025-12-03|absent||;2025-12-04|absent||;2025-12-06|absent||;2025-12-07|absent||;2025-12-08|absent||;2025-12-09|absent||;2025-12-10|absent||;2025-12-11|absent||;2025-12-13|absent||;2025-12-14|absent||
Jayed,male,01858940075,hsc_1,2025-2026,science,1800.00,0,2025-08-01,active,0,,,2025-11-01|present||;2025-11-02|present||;2025-11-03|present||;2025-11-04|present||;2025-11-05|absent||;2025-11-06|absent||;2025-11-08|present||;2025-11-09|present||;2025-11-10|absent||;2025-11-11|absent||;2025-11-12|absent||;2025-11-13|present||;2025-11-15|present||;2025-11-16|present||;2025-11-17|present||;2025-11-18|absent||;2025-11-19|present||;2025-11-20|absent||;2025-11-22|absent||;2025-11-23|absent||;2025-11-24|present||;2025-11-25|absent||;2025-11-26|absent||;2025-11-27|absent||;2025-11-29|present||;2025-11-30|absent||;2025-12-01|present||;2025-12-02|absent||;2025-12-03|present||;2025-12-04|present||;2025-12-06|present||;2025-12-07|absent||;2025-12-08|present||;2025-12-09|absent||;2025-12-10|present||;2025-12-11|present||;2025-12-13|present||;2025-12-14|present||;2025-12-17|absent||;2025-12-18|absent||
Jayed,male,01728037716,hsc_1,2025-2026,business_studies,10.00,0,2025-12-03,active,0,,,2025-12-08|present||;2025-12-09|absent||;2025-12-10|absent||;2025-12-11|present||;2025-12-13|present||;2025-12-14|absent||;2025-12-15|present||;2025-12-17|present||;2025-12-18|present||
Jerin,female,01720272100,hsc_1,2025-2026,science,2700.00,0,2025-08-02,active,0,,,2025-11-01|present||;2025-11-02|present||;2025-11-03|present||;2025-11-04|present||;2025-11-05|present||;2025-11-06|present||;2025-11-08|present||;2025-11-09|present||;2025-11-10|present||;2025-11-11|present||;2025-11-12|present||;2025-11-13|present||;2025-11-15|present||;2025-11-16|present||;2025-11-17|present||;2025-11-18|present||;2025-11-19|present||;2025-11-20|present||;2025-11-22|present||;2025-11-23|present||;2025-11-24|absent||;2025-11-25|present||;2025-11-26|present||;2025-11-27|present||;2025-11-29|present||;2025-11-30|present||;2025-12-01|present||;2025-12-02|present||;2025-12-03|present||;2025-12-04|present||;2025-12-06|present||;2025-12-07|present||;2025-12-08|present||;2025-12-09|present||;2025-12-10|present||;2025-12-11|present||;2025-12-13|present||;2025-12-14|present||;2025-12-15|present||;2025-12-17|present||;2025-12-18|present||
Jerin,female,01642305642,hsc_1,2025-2026,business_studies,1000.00,0,2025-10-01,active,0,,,2025-11-01|present||;2025-11-02|present||;2025-11-03|absent||;2025-11-04|present||;2025-11-05|present||;2025-11-06|present||;2025-11-08|present||;2025-11-09|present||;2025-11-10|present||;2025-11-11|present||;2025-11-12|present||;2025-11-13|present||;2025-11-15|present||;2025-11-16|absent||;2025-11-17|present||;2025-11-18|present||;2025-11-19|present||;2025-11-20|present||;2025-11-22|present||;2025-11-23|present||;2025-11-24|present||;2025-11-25|present||;2025-11-26|present||;2025-11-27|present||;2025-11-29|present||;2025-11-30|absent||;2025-12-01|absent||;2025-12-02|absent||;2025-12-03|absent||;2025-12-04|absent||;2025-12-06|absent||;2025-12-07|absent||;2025-12-08|absent||;2025-12-09|present||;2025-12-10|present||;2025-12-11|present||;2025-12-13|present||;2025-12-14|present||;2025-12-15|present||;2025-12-17|present||;2025-12-18|present||
Jerin,female,01640798060,hsc_2,2024-2025,science,2000.00,0,2025-09-01,active,0,,01640798060(Baba),2025-11-01|present||;2025-11-02|present||;2025-11-03|absent||;2025-11-04|absent||;2025-11-05|absent||;2025-11-06|absent||;2025-11-08|present||;2025-11-09|present||;2025-11-10|present||;2025-11-11|absent||;2025-11-12|present||;2025-11-13|present||;2025-11-15|present||;2025-11-16|present||;2025-11-17|present||;2025-11-18|present||;2025-11-19|present||;2025-11-20|absent||;2025-11-22|present||;2025-11-23|present||;2025-11-24|absent||;2025-11-25|present||;2025-11-26|present||;2025-11-27|present||;2025-11-29|present||;2025-11-30|present||;2025-12-01|present||;2025-12-02|present||;2025-12-03|present||;2025-12-04|present||;2025-12-06|present||;2025-12-07|present||;2025-12-09|present||;2025-12-10|present||;2025-12-11|present||;2025-12-13|present||;2025-12-14|present||;2025-12-15|present||;2025-12-17|absent||;2025-12-18|present||
"Jerin Sultana Jhuma",female,01879776877,hsc_1,2025-2026,science,2700.00,0,2025-08-02,active,0,,,2025-11-01|present||;2025-11-02|present||;2025-11-03|present||;2025-11-04|present||;2025-11-05|present||;2025-11-06|absent||;2025-11-08|present||;2025-11-09|present||;2025-11-10|present||;2025-11-11|present||;2025-11-12|present||;2025-11-13|present||;2025-11-15|absent||;2025-11-16|present||;2025-11-17|present||;2025-11-18|present||;2025-11-19|present||;2025-11-20|present||;2025-11-22|present||;2025-11-23|present||;2025-11-24|absent||;2025-11-25|present||;2025-11-26|absent||;2025-11-27|present||;2025-11-29|present||;2025-11-30|present||;2025-12-01|present||;2025-12-02|present||;2025-12-03|present||;2025-12-04|absent||;2025-12-06|present||;2025-12-07|present||;2025-12-08|absent||;2025-12-09|present||;2025-12-10|present||;2025-12-11|present||;2025-12-13|absent||;2025-12-14|absent||;2025-12-15|absent||;2025-12-17|absent||;2025-12-18|absent||
Jubayer,male,01620920822,hsc_1,2025-2026,humanities,1500.00,0,2025-11-15,active,0,,,2025-11-15|present||;2025-11-16|present||;2025-11-17|present||;2025-11-18|present||;2025-11-19|present||;2025-11-20|absent||;2025-11-22|present||;2025-11-23|present||;2025-11-24|absent||;2025-11-25|present||;2025-11-26|present||;2025-11-27|absent||;2025-11-29|absent||;2025-11-30|present||;2025-12-01|present||;2025-12-02|present||;2025-12-04|present||;2025-12-06|present||;2025-12-07|absent||;2025-12-08|present||;2025-12-09|present||;2025-12-10|present||;2025-12-11|present||;2025-12-13|absent||;2025-12-14|present||;2025-12-15|present||;2025-12-17|present||;2025-12-18|present||
Lamia,female,01714355479,hsc_2,2024-2025,humanities,2200.00,0,2025-11-01,active,0,,,2025-11-01|present||;2025-11-02|present||;2025-11-03|present||;2025-11-04|present||;2025-11-05|present||;2025-11-06|present||;2025-11-08|present||;2025-11-09|present||;2025-11-10|present||;2025-11-11|present||;2025-11-12|present||;2025-11-13|present||;2025-11-15|present||;2025-11-16|present||;2025-11-17|present||;2025-11-18|present||;2025-11-19|present||;2025-11-20|absent||;2025-11-22|absent||;2025-11-23|absent||;2025-11-24|absent||;2025-11-25|absent||;2025-11-26|absent||;2025-11-27|absent||;2025-11-29|present||;2025-11-30|absent||;2025-12-01|absent||;2025-12-02|absent||;2025-12-03|absent||;2025-12-04|present||;2025-12-06|present||;2025-12-07|absent||;2025-12-08|absent||;2025-12-09|absent||;2025-12-10|absent||;2025-12-11|absent||;2025-12-13|present||;2025-12-14|present||;2025-12-15|present||;2025-12-17|present||;2025-12-18|present||
"lucky ",female,01618600190,hsc_2,2024-2025,humanities,2000.00,0,2025-11-01,active,0,,01998765920(bon),2025-11-26|absent||;2025-11-27|absent||;2025-11-29|absent||;2025-11-30|present||;2025-12-01|present||;2025-12-02|present||;2025-12-03|present||;2025-12-04|present||;2025-12-06|present||;2025-12-07|present||;2025-12-08|present||;2025-12-09|present||;2025-12-10|present||;2025-12-11|present||;2025-12-13|absent||;2025-12-14|present||;2025-12-15|present||;2025-12-17|present||;2025-12-18|present||
Mahi,female,01746031444,hsc_2,2024-2025,humanities,2000.00,0,2025-10-01,active,0,,,2025-11-01|present||;2025-11-02|present||;2025-11-03|present||;2025-11-04|present||;2025-11-05|present||;2025-11-06|present||;2025-11-08|present||;2025-11-09|present||;2025-11-10|present||;2025-11-11|present||;2025-11-12|present||;2025-11-13|present||;2025-11-15|present||;2025-11-16|present||;2025-11-17|present||;2025-11-18|present||;2025-11-19|present||;2025-11-20|present||;2025-11-22|present||;2025-11-23|present||;2025-11-24|present||;2025-11-25|present||;2025-11-26|present||;2025-11-27|present||;2025-11-29|present||;2025-11-30|present||;2025-12-01|present||;2025-12-02|present||;2025-12-03|present||;2025-12-04|present||;2025-12-06|present||;2025-12-07|present||;2025-12-08|present||;2025-12-09|present||;2025-12-10|present||;2025-12-11|present||;2025-12-13|present||;2025-12-14|present||;2025-12-15|present||;2025-12-17|present||;2025-12-18|absent||
Mahim,male,01966256795,hsc_2,2024-2025,science,2600.00,0,2025-10-01,active,0,,,2025-11-01|present||;2025-11-02|present||;2025-11-03|present||;2025-11-04|present||;2025-11-05|present||;2025-11-06|present||;2025-11-08|absent||;2025-11-09|present||;2025-11-10|absent||;2025-11-11|present||;2025-11-12|present||;2025-11-13|present||;2025-11-15|present||;2025-11-16|absent||;2025-11-17|present||;2025-11-18|present||;2025-11-19|present||;2025-11-20|present||;2025-11-22|present||;2025-11-23|absent||;2025-11-24|present||;2025-11-25|present||;2025-11-26|present||;2025-11-27|present||;2025-11-29|present||;2025-11-30|present||;2025-12-01|present||;2025-12-02|absent||;2025-12-03|present||;2025-12-04|present||;2025-12-06|absent||;2025-12-07|absent||;2025-12-09|present||;2025-12-10|absent||;2025-12-11|absent||;2025-12-13|present||;2025-12-14|present||;2025-12-15|present||;2025-12-17|absent||;2025-12-18|present||
"Mahmudul hasan",male,01865757391,hsc_1,2025-2026,business_studies,2500.00,0,2025-11-26,active,0,,"ধনিয়া কলেজ",2025-11-26|present||;2025-11-27|present||;2025-11-29|present||;2025-11-30|present||;2025-12-01|absent||;2025-12-02|present||;2025-12-03|present||;2025-12-04|present||;2025-12-06|present||;2025-12-07|present||;2025-12-08|absent||;2025-12-09|present||;2025-12-10|present||;2025-12-11|present||;2025-12-13|absent||;2025-12-14|absent||;2025-12-15|present||;2025-12-17|present||;2025-12-18|absent||
Maimuna,female,01736269203,hsc_2,2024-2025,business_studies,1500.00,1,2025-10-01,inactive,0,,,2025-11-01|absent||;2025-11-02|absent||;2025-11-03|present||;2025-11-04|present||;2025-11-05|absent||;2025-11-06|absent||;2025-11-08|absent||;2025-11-09|absent||;2025-11-10|present||;2025-11-11|absent||;2025-11-12|absent||;2025-11-13|present||;2025-11-15|present||;2025-11-16|present||;2025-11-17|present||;2025-11-18|present||;2025-11-19|present||;2025-11-20|absent||;2025-11-22|present||;2025-11-23|present||;2025-11-24|absent||;2025-11-25|absent||;2025-11-26|absent||;2025-11-27|absent||;2025-11-29|absent||;2025-11-30|absent||;2025-12-01|absent||;2025-12-02|absent||;2025-12-03|absent||;2025-12-04|absent||;2025-12-06|absent||;2025-12-07|absent||;2025-12-08|absent||;2025-12-09|absent||;2025-12-10|absent||;2025-12-11|absent||;2025-12-13|absent||;2025-12-14|absent||;2025-12-15|absent||
Mansura,female,1115,hsc_2,2024-2025,science,2200.00,0,2025-10-01,inactive,0,,,2025-11-01|absent||;2025-11-02|absent||;2025-11-03|present||;2025-11-04|present||;2025-11-05|present||;2025-11-06|present||;2025-11-08|present||;2025-11-09|absent||;2025-11-10|absent||;2025-11-11|present||;2025-11-12|present||;2025-11-13|absent||;2025-11-15|absent||;2025-11-16|absent||;2025-11-19|absent|Other|Exam
Maruf,male,01791971321,hsc_2,2024-2025,business_studies,2000.00,0,2025-12-09,active,0,,,2025-12-10|present||;2025-12-11|present||;2025-12-13|present||;2025-12-14|absent||;2025-12-15|absent||;2025-12-17|absent||;2025-12-18|present||
Mehedi,male,01794647147,hsc_2,2024-2025,business_studies,1000.00,1,2025-10-01,active,0,,,"2025-11-01|absent||;2025-11-02|present||;2025-11-03|present||;2025-11-04|absent||;2025-11-05|absent||;2025-11-06|absent||;2025-11-08|absent||;2025-11-09|present||;2025-11-10|absent||;2025-11-11|absent||;2025-11-12|present||;2025-11-13|absent||;2025-11-15|absent||;2025-11-16|absent||;2025-11-17|absent||;2025-11-18|absent||;2025-11-19|present||;2025-11-20|absent||;2025-11-22|present||;2025-11-23|absent||;2025-11-24|absent||;2025-11-25|absent||;2025-11-26|absent||;2025-11-27|absent||;2025-11-29|absent||;2025-11-30|absent||;2025-12-01|absent|Other|;2025-12-02|absent||;2025-12-03|absent||;2025-12-04|present||;2025-12-06|absent||;2025-12-07|absent|Other|কলেজ থেকে মাত্র বাসায় গিয়েছে ;2025-12-08|absent||;2025-12-09|absent||;2025-12-10|absent||;2025-12-11|absent||;2025-12-13|absent||;2025-12-14|absent||;2025-12-15|absent||;2025-12-17|present||;2025-12-18|absent||"
Mili,female,01684169859,hsc_2,2024-2025,humanities,1500.00,0,2025-11-01,active,0,,,"2025-11-01|present||;2025-11-02|present||;2025-11-03|present||;2025-11-04|present||;2025-11-05|present||;2025-11-06|present||;2025-11-08|present||;2025-11-09|present||;2025-11-10|present||;2025-11-11|absent||;2025-11-12|present||;2025-11-13|present||;2025-11-15|present||;2025-11-16|absent||;2025-11-17|present||;2025-11-18|present||;2025-11-19|present||;2025-11-20|present||;2025-11-22|present||;2025-11-23|present||;2025-11-24|absent||;2025-11-25|absent||;2025-11-26|present||;2025-11-27|absent|Other|ক্লাস নাই;2025-11-29|present||;2025-11-30|absent||;2025-12-01|present||;2025-12-02|present||;2025-12-03|absent||;2025-12-04|present||;2025-12-06|present||;2025-12-07|present||;2025-12-08|absent||;2025-12-09|absent||;2025-12-10|present||;2025-12-11|present||;2025-12-13|present||;2025-12-14|absent||;2025-12-15|absent||;2025-12-17|present||;2025-12-18|present||"
Mithi,female,01627334478,hsc_2,2024-2025,science,2200.00,0,2025-10-01,active,0,,,2025-11-01|present||;2025-11-02|present||;2025-11-03|present||;2025-11-04|present||;2025-11-05|present||;2025-11-06|present||;2025-11-08|present||;2025-11-09|present||;2025-11-10|present||;2025-11-11|absent||;2025-11-12|present||;2025-11-13|present||;2025-11-15|present||;2025-11-16|present||;2025-11-17|present||;2025-11-18|present||;2025-11-19|present||;2025-11-20|present||;2025-11-22|absent||;2025-11-23|present||;2025-11-24|present||;2025-11-25|present||;2025-11-26|present||;2025-11-27|present||;2025-11-29|present||;2025-11-30|present||;2025-12-01|present||;2025-12-02|present||;2025-12-03|present||;2025-12-04|present||;2025-12-06|present||;2025-12-07|present||;2025-12-09|present||;2025-12-10|present||;2025-12-11|present||;2025-12-13|present||;2025-12-14|present||;2025-12-15|present||;2025-12-17|present||;2025-12-18|present||
Mobasser,male,01721168554,hsc_1,2025-2026,science,2500.00,0,2025-10-01,active,0,,,2025-11-01|present||;2025-11-02|present||;2025-11-03|absent||;2025-11-04|absent||;2025-11-05|present||;2025-11-06|absent||;2025-11-08|absent||;2025-11-09|absent||;2025-11-10|present||;2025-11-11|absent||;2025-11-12|absent||;2025-11-13|present||;2025-11-15|absent||;2025-11-16|present||;2025-11-17|present||;2025-11-18|absent||;2025-11-19|absent||;2025-11-20|absent||;2025-11-22|present||;2025-11-23|present||;2025-11-24|absent||;2025-11-25|absent||;2025-11-26|absent||;2025-11-27|absent||;2025-11-29|absent||;2025-11-30|absent||;2025-12-01|absent||;2025-12-02|present||;2025-12-03|absent|Other|;2025-12-04|absent||;2025-12-06|absent||;2025-12-07|absent||;2025-12-08|absent||;2025-12-09|present||;2025-12-10|absent||;2025-12-11|absent||;2025-12-14|absent||;2025-12-17|absent||;2025-12-18|absent||
Mohua,female,01818686878,hsc_2,2024-2025,business_studies,1800.00,0,2025-08-01,active,0,,,2025-11-01|present||;2025-11-02|present||;2025-11-03|absent||;2025-11-04|absent||;2025-11-05|present||;2025-11-06|absent||;2025-11-08|absent||;2025-11-09|present||;2025-11-10|absent||;2025-11-11|present||;2025-11-12|absent||;2025-11-13|present||;2025-11-15|absent||;2025-11-16|present||;2025-11-17|present||;2025-11-18|present||;2025-11-19|present||;2025-11-20|absent||;2025-11-22|absent||;2025-11-23|present||;2025-11-24|present||;2025-11-25|absent||;2025-11-26|absent||;2025-11-27|present||;2025-11-29|present||;2025-11-30|present||;2025-12-01|present||;2025-12-02|present||;2025-12-03|present||;2025-12-04|present||;2025-12-06|present||;2025-12-07|present||;2025-12-08|present||;2025-12-09|present||;2025-12-10|present||;2025-12-11|present||;2025-12-13|present||;2025-12-14|present||;2025-12-15|present||;2025-12-17|present||;2025-12-18|present||
Moriom,female,01949477407,hsc_2,2024-2025,business_studies,1500.00,0,2025-10-01,active,0,,,2025-11-01|present||;2025-11-02|present||;2025-11-03|present||;2025-11-04|present||;2025-11-05|present||;2025-11-06|present||;2025-11-08|present||;2025-11-09|present||;2025-11-10|present||;2025-11-11|present||;2025-11-12|present||;2025-11-13|present||;2025-11-15|present||;2025-11-16|present||;2025-11-17|present||;2025-11-18|present||;2025-11-19|present||;2025-11-20|present||;2025-11-22|present||;2025-11-23|present||;2025-11-24|present||;2025-11-25|present||;2025-11-26|present||;2025-11-27|present||;2025-11-29|present||;2025-11-30|present||;2025-12-01|present||;2025-12-02|present||;2025-12-03|present||;2025-12-04|present||;2025-12-06|present||;2025-12-07|present||;2025-12-08|present||;2025-12-09|present||;2025-12-10|present||;2025-12-11|present||;2025-12-13|present||;2025-12-14|present||;2025-12-15|present||;2025-12-17|present||;2025-12-18|present||
Moumita,female,01627578160,hsc_1,2025-2026,humanities,2000.00,0,2025-11-05,active,0,,,2025-11-05|present||;2025-11-06|present||;2025-11-08|present||;2025-11-09|present||;2025-11-10|present||;2025-11-11|absent||;2025-11-12|absent||;2025-11-13|present||;2025-11-15|absent||;2025-11-16|present||;2025-11-17|absent||;2025-11-18|present||;2025-11-19|present||;2025-11-20|present||;2025-11-22|present||;2025-11-23|present||;2025-11-24|present||;2025-11-25|present||;2025-11-26|absent||;2025-11-27|present||;2025-11-29|present||;2025-11-30|present||;2025-12-01|present||;2025-12-02|present||;2025-12-04|absent||;2025-12-06|present||;2025-12-07|present||;2025-12-08|present||;2025-12-09|present||;2025-12-10|present||;2025-12-11|present||;2025-12-13|absent||;2025-12-14|present||;2025-12-15|present||;2025-12-17|present||;2025-12-18|absent||
Muna,female,01557881933,hsc_1,2025-2026,humanities,2300.00,0,2025-10-01,active,0,,,2025-11-01|present||;2025-11-02|present||;2025-11-03|present||;2025-11-04|present||;2025-11-05|present||;2025-11-06|present||;2025-11-08|present||;2025-11-09|present||;2025-11-10|present||;2025-11-11|present||;2025-11-12|present||;2025-11-13|present||;2025-11-15|present||;2025-11-16|absent||;2025-11-17|present||;2025-11-18|present||;2025-11-19|present||;2025-11-20|present||;2025-11-22|present||;2025-11-23|present||;2025-11-24|present||;2025-11-25|present||;2025-11-26|present||;2025-11-27|present||;2025-11-29|present||;2025-11-30|present||;2025-12-01|present||;2025-12-02|present||;2025-12-03|present||;2025-12-04|absent||;2025-12-06|present||;2025-12-07|present||;2025-12-08|present||;2025-12-09|present||;2025-12-10|present||;2025-12-11|present||;2025-12-13|present||;2025-12-14|present||;2025-12-15|present||;2025-12-17|present||;2025-12-18|present||
Muna,female,04,hsc_2,2024-2025,science,2500.00,0,2025-10-01,inactive,0,,,2025-11-01|absent||;2025-11-02|absent||;2025-11-03|absent||;2025-11-04|present||;2025-11-05|absent||;2025-11-06|present||;2025-11-10|absent||;2025-11-11|absent||;2025-11-12|present||;2025-11-13|absent||;2025-11-15|absent||;2025-11-16|present||;2025-11-19|present||
Muntaha,female,018173626,hsc_1,2025-2026,humanities,2000.00,0,2025-11-09,active,0,,,2025-11-09|present||;2025-11-10|present||;2025-11-11|present||;2025-11-12|absent||;2025-11-13|present||;2025-11-15|present||;2025-11-16|present||;2025-11-17|present||;2025-11-18|absent||;2025-11-19|present||;2025-11-20|present||;2025-11-22|present||;2025-11-23|present||;2025-11-24|absent||;2025-11-25|present||;2025-11-26|present||;2025-11-27|absent||;2025-11-29|present||;2025-11-30|present||;2025-12-01|present||;2025-12-02|present||;2025-12-03|present||;2025-12-04|present||;2025-12-06|present||;2025-12-07|present||;2025-12-08|present||;2025-12-09|present||;2025-12-10|present||;2025-12-11|absent||;2025-12-13|present||;2025-12-14|present||;2025-12-15|present||;2025-12-17|absent||;2025-12-18|present||
Muslima,female,01619431840,hsc_2,2024-2025,humanities,1500.00,0,2025-10-01,active,0,,,2025-11-30|absent||;2025-12-01|absent||;2025-12-02|absent||;2025-12-03|absent|Other|;2025-12-04|absent||;2025-12-06|present||;2025-12-07|absent||;2025-12-08|present||;2025-12-09|present||;2025-12-10|present||;2025-12-11|present||;2025-12-13|present||;2025-12-14|absent||;2025-12-15|present||;2025-12-17|absent||;2025-12-18|absent||
Nadia,female,01974414653,hsc_1,2025-2026,business_studies,1000.00,0,2025-10-01,active,0,,,2025-11-01|present||;2025-11-02|present||;2025-11-03|present||;2025-11-04|present||;2025-11-05|present||;2025-11-06|present||;2025-11-08|present||;2025-11-09|present||;2025-11-10|present||;2025-11-11|present||;2025-11-12|present||;2025-11-13|present||;2025-11-15|present||;2025-11-16|present||;2025-11-17|present||;2025-11-18|present||;2025-11-19|present||;2025-11-20|absent||;2025-11-22|absent||;2025-11-23|absent||;2025-11-24|present||;2025-11-25|present||;2025-11-26|present||;2025-11-27|present||;2025-11-29|present||;2025-11-30|present||;2025-12-01|present||;2025-12-02|present||;2025-12-03|present||;2025-12-04|present||;2025-12-06|present||;2025-12-07|present||;2025-12-08|present||;2025-12-09|present||;2025-12-10|present||;2025-12-11|present||;2025-12-13|present||;2025-12-14|present||;2025-12-15|present||;2025-12-17|present||;2025-12-18|present||
Nafisa,female,01751070752,hsc_2,2024-2025,science,2600.00,0,2025-11-01,active,0,,,2025-11-01|absent||;2025-11-02|absent||;2025-11-03|absent||;2025-11-04|absent||;2025-11-05|absent||;2025-11-06|absent||;2025-11-08|present||;2025-11-09|present||;2025-11-10|present||;2025-11-11|present||;2025-11-12|present||;2025-11-13|present||;2025-11-15|present||;2025-11-16|absent||;2025-11-17|present||;2025-11-18|absent||;2025-11-19|present||;2025-11-20|absent||;2025-11-22|present||;2025-11-23|absent||;2025-11-24|present||;2025-11-25|absent||;2025-11-26|present||;2025-11-27|present||;2025-11-29|absent||;2025-11-30|absent||;2025-12-01|absent||;2025-12-02|absent||;2025-12-03|present||;2025-12-04|present||;2025-12-06|present||;2025-12-07|present||;2025-12-09|present||;2025-12-10|absent||;2025-12-11|present||;2025-12-13|absent||;2025-12-14|present||;2025-12-15|present||;2025-12-17|present||;2025-12-18|absent||
Nihad,male,01339543170,hsc_1,2025-2026,humanities,2500.00,0,2025-09-01,active,0,,,2025-11-01|present||;2025-11-02|present||;2025-11-03|present||;2025-11-04|absent||;2025-11-05|present||;2025-11-06|present||;2025-11-08|present||;2025-11-09|absent||;2025-11-10|absent||;2025-11-11|absent||;2025-11-12|absent||;2025-11-13|present||;2025-11-15|present||;2025-11-16|present||;2025-11-17|present||;2025-11-18|present||;2025-11-19|absent||;2025-11-20|present||;2025-11-22|present||;2025-11-23|present||;2025-11-24|present||;2025-11-25|present||;2025-11-26|present||;2025-11-27|present||;2025-11-29|present||;2025-11-30|present||;2025-12-01|absent||;2025-12-02|present||;2025-12-03|present||;2025-12-04|present||;2025-12-06|present||;2025-12-07|absent||;2025-12-08|present||;2025-12-09|present||;2025-12-10|present||;2025-12-11|absent||;2025-12-13|absent||;2025-12-14|present||;2025-12-15|present||;2025-12-17|present||;2025-12-18|present||
Nirjana,female,01946360705,hsc_2,2024-2025,science,2200.00,0,2025-10-01,active,0,,,2025-11-01|present||;2025-11-02|present||;2025-11-03|present||;2025-11-04|absent|Other|;2025-11-05|present||;2025-11-06|absent||;2025-11-08|absent||;2025-11-09|present||;2025-11-10|present||;2025-11-11|absent||;2025-11-12|absent||;2025-11-13|absent||;2025-11-15|absent||;2025-11-16|absent||;2025-11-17|present||;2025-11-18|present||;2025-11-19|present||;2025-11-20|absent||;2025-11-22|absent||;2025-11-23|present||;2025-11-24|absent|Other|;2025-11-25|present||;2025-11-26|present||;2025-11-27|present||;2025-11-29|present||;2025-11-30|absent||;2025-12-01|absent||;2025-12-02|present||;2025-12-03|absent||;2025-12-04|absent||;2025-12-06|absent||;2025-12-07|absent||;2025-12-09|absent|Other|;2025-12-10|absent||;2025-12-11|absent||;2025-12-13|absent||;2025-12-14|absent||;2025-12-15|absent||;2025-12-17|absent||;2025-12-18|absent||
Novera,female,01739859925,hsc_2,2024-2025,humanities,1200.00,1,2025-11-01,active,0,,,2025-11-01|present||;2025-11-02|present||;2025-11-03|present||;2025-11-04|present||;2025-11-05|present||;2025-11-06|present||;2025-11-08|present||;2025-11-09|present||;2025-11-10|present||;2025-11-11|present||;2025-11-12|present||;2025-11-13|present||;2025-11-15|present||;2025-11-16|present||;2025-11-17|present||;2025-11-18|present||;2025-11-19|present||;2025-11-20|present||;2025-11-22|present||;2025-11-23|present||;2025-11-24|present||;2025-11-25|present||;2025-11-26|present||;2025-11-27|present||;2025-11-29|present||;2025-11-30|present||;2025-12-01|present||;2025-12-02|present||;2025-12-03|present||;2025-12-04|present||;2025-12-06|present||;2025-12-07|present||;2025-12-08|present||;2025-12-09|present||;2025-12-10|present||;2025-12-11|present||;2025-12-13|present||;2025-12-14|present||;2025-12-15|present||;2025-12-17|present||;2025-12-18|present||
"Omar Faruk",male,01753075920,hsc_1,2025-2026,humanities,2000.00,0,2025-09-01,active,0,,,2025-11-01|present||;2025-11-02|present||;2025-11-03|present||;2025-11-04|present||;2025-11-05|present||;2025-11-06|present||;2025-11-08|present||;2025-11-09|present||;2025-11-10|present||;2025-11-11|present||;2025-11-12|present||;2025-11-13|present||;2025-11-15|present||;2025-11-16|present||;2025-11-17|present||;2025-11-18|absent||;2025-11-19|present||;2025-11-20|present||;2025-11-22|present||;2025-11-23|present||;2025-11-24|present||;2025-11-25|present||;2025-11-26|present||;2025-11-27|absent||;2025-11-29|present||;2025-11-30|present||;2025-12-01|present||;2025-12-02|present||;2025-12-03|present||;2025-12-04|present||;2025-12-06|present||;2025-12-07|absent||;2025-12-08|present||;2025-12-09|present||;2025-12-10|absent||;2025-12-11|present||;2025-12-13|present||;2025-12-14|present||;2025-12-15|present||;2025-12-17|present||;2025-12-18|present||
Papri,female,258,hsc_2,2024-2025,humanities,2000.00,0,2025-11-01,inactive,0,,,
Polok,male,01812593139,hsc_2,2024-2025,business_studies,2000.00,0,2025-10-01,active,0,,,2025-11-01|absent||;2025-11-02|absent||;2025-11-03|present||;2025-11-04|present||;2025-11-05|present||;2025-11-06|absent||;2025-11-08|absent||;2025-11-09|present||;2025-11-10|absent||;2025-11-11|present||;2025-11-12|present||;2025-11-13|absent||;2025-11-15|present||;2025-11-16|present||;2025-11-17|present||;2025-11-18|present||;2025-11-19|present||;2025-11-20|absent||;2025-11-22|absent||;2025-11-23|present||;2025-11-24|present||;2025-11-25|present||;2025-11-26|present||;2025-11-27|present||;2025-11-29|present||;2025-11-30|present||;2025-12-01|present||;2025-12-02|present||;2025-12-03|absent||;2025-12-04|present||;2025-12-06|present||;2025-12-07|present||;2025-12-08|present||;2025-12-09|present||;2025-12-10|absent||;2025-12-11|absent||;2025-12-13|present||;2025-12-14|present||;2025-12-15|absent||;2025-12-17|present||;2025-12-18|absent||
Priya,female,01756473179,hsc_2,2024-2025,science,2300.00,0,2025-10-01,active,0,,,"2025-11-01|present||;2025-11-02|present||;2025-11-03|present||;2025-11-04|present||;2025-11-05|present||;2025-11-06|present||;2025-11-08|present||;2025-11-09|absent||;2025-11-10|present||;2025-11-11|present||;2025-11-12|absent||;2025-11-13|absent||;2025-11-15|present||;2025-11-16|absent||;2025-11-17|absent|Other| নানু মারা গিয়েছে;2025-11-18|absent||;2025-11-19|absent|Other|নানু মারা গিয়েছে;2025-11-20|absent||;2025-11-22|present||;2025-11-23|absent||;2025-11-24|present||;2025-11-25|present||;2025-11-26|present||;2025-11-27|present||;2025-11-29|absent||;2025-11-30|present||;2025-12-01|absent||;2025-12-02|present||;2025-12-03|present||;2025-12-04|present||;2025-12-06|present||;2025-12-07|present||;2025-12-09|present||;2025-12-10|absent||;2025-12-11|present||;2025-12-13|present||;2025-12-14|present||;2025-12-15|present||;2025-12-17|present||;2025-12-18|absent||"
Promi,female,01635725272,hsc_1,2025-2026,science,2700.00,0,2025-08-02,active,0,,,2025-11-01|present||;2025-11-02|absent||;2025-11-03|present||;2025-11-04|present||;2025-11-05|present||;2025-11-06|present||;2025-11-08|present||;2025-11-09|absent||;2025-11-10|present||;2025-11-11|present||;2025-11-12|present||;2025-11-13|present||;2025-11-15|present||;2025-11-16|present||;2025-11-17|present||;2025-11-18|present||;2025-11-19|present||;2025-11-20|present||;2025-11-22|present||;2025-11-23|present||;2025-11-24|absent||;2025-11-25|absent||;2025-11-26|absent||;2025-11-27|present||;2025-11-29|present||;2025-11-30|present||;2025-12-01|present||;2025-12-02|present||;2025-12-03|present||;2025-12-04|present||;2025-12-06|present||;2025-12-07|present||;2025-12-08|present||;2025-12-09|present||;2025-12-10|present||;2025-12-11|present||;2025-12-13|present||;2025-12-14|present||;2025-12-15|present||;2025-12-17|present||;2025-12-18|present||
Rabeya,female,01922439473,hsc_1,2025-2026,business_studies,2000.00,0,2025-11-01,inactive,0,,,2025-11-03|present||;2025-11-04|present||;2025-11-06|present||;2025-11-08|present||;2025-11-09|present||;2025-11-10|present||;2025-11-11|present||
Ratri,female,"01660184036	",hsc_1,2025-2026,business_studies,2250.00,0,2025-10-01,active,0,,,2025-11-01|present||;2025-11-02|present||;2025-11-03|present||;2025-11-04|present||;2025-11-05|absent||;2025-11-06|absent||;2025-11-08|absent||;2025-11-09|present||;2025-11-10|present||;2025-11-11|present||;2025-11-12|present||;2025-11-13|absent||;2025-11-15|absent||;2025-11-16|present||;2025-11-17|present||;2025-11-18|present||;2025-11-19|present||;2025-11-20|present||;2025-11-22|present||;2025-11-23|present||;2025-11-24|present||;2025-11-25|present||;2025-11-26|absent||;2025-11-27|absent||;2025-11-29|present||;2025-11-30|present||;2025-12-01|present||;2025-12-02|present||;2025-12-03|present||;2025-12-04|present||;2025-12-06|present||;2025-12-07|present||;2025-12-08|absent||;2025-12-09|present||;2025-12-10|present||;2025-12-11|present||;2025-12-13|absent||;2025-12-14|present||;2025-12-15|present||;2025-12-17|present||;2025-12-18|present||
Rifa,female,01342475435,hsc_2,2024-2025,science,1600.00,0,2025-11-01,active,0,,,2025-11-01|present||;2025-11-02|present||;2025-11-03|absent||;2025-11-04|absent||;2025-11-05|present||;2025-11-06|present||;2025-11-08|present||;2025-11-09|present||;2025-11-10|present||;2025-11-11|present||;2025-11-12|absent||;2025-11-13|present||;2025-11-15|present||;2025-11-16|present||;2025-11-17|present||;2025-11-18|present||;2025-11-19|present||;2025-11-20|absent||;2025-11-22|absent||;2025-11-23|present||;2025-11-24|present||;2025-11-25|present||;2025-11-26|present||;2025-11-27|absent||;2025-11-29|absent||;2025-11-30|present||;2025-12-01|present||;2025-12-02|present||;2025-12-03|absent||;2025-12-04|absent||;2025-12-06|present||;2025-12-07|present||;2025-12-09|absent||;2025-12-10|present||;2025-12-11|absent||;2025-12-13|absent||;2025-12-14|present||;2025-12-15|present||;2025-12-17|present||;2025-12-18|absent||
Rima,female,01915330616,hsc_1,2025-2026,business_studies,2500.00,0,2025-11-01,active,0,,,2025-11-01|present||;2025-11-02|present||;2025-11-03|present||;2025-11-04|present||;2025-11-05|present||;2025-11-06|present||;2025-11-08|present||;2025-11-09|present||;2025-11-10|absent||;2025-11-11|absent||;2025-11-12|absent||;2025-11-13|absent||;2025-11-15|absent||;2025-11-16|absent||;2025-11-17|present||;2025-11-18|present||;2025-11-19|absent||;2025-11-20|present||;2025-11-22|absent||;2025-11-23|absent||;2025-11-24|present||;2025-11-25|present||;2025-11-26|present||;2025-11-27|present||;2025-11-29|present||;2025-11-30|present||;2025-12-01|present||;2025-12-02|absent||;2025-12-03|absent||;2025-12-04|present||;2025-12-06|absent||;2025-12-07|absent||;2025-12-08|absent||;2025-12-09|present||;2025-12-10|present||;2025-12-11|present||;2025-12-13|present||;2025-12-14|present||;2025-12-15|present||;2025-12-17|present||;2025-12-18|present||
Rimi,female,01820367658,hsc_1,2025-2026,science,2500.00,0,2025-11-01,inactive,0,,,2025-11-01|present||;2025-11-02|present||;2025-11-03|present||;2025-11-04|present||;2025-11-05|present||;2025-11-06|present||;2025-11-08|present||;2025-11-09|present||;2025-11-10|present||;2025-11-11|present||;2025-11-12|present||;2025-11-13|present||;2025-11-15|present||;2025-11-16|present||;2025-11-19|present||
Riva,female,01687628978,hsc_2,2024-2025,humanities,1800.00,0,2025-09-01,active,0,,,2025-11-01|present||;2025-11-02|present||;2025-11-03|present||;2025-11-04|present||;2025-11-05|present||;2025-11-06|present||;2025-11-08|present||;2025-11-09|present||;2025-11-10|present||;2025-11-11|present||;2025-11-12|present||;2025-11-13|present||;2025-11-15|present||;2025-11-16|present||;2025-11-17|absent||;2025-11-18|absent||;2025-11-19|present||;2025-11-20|absent||;2025-11-22|present||;2025-11-23|absent||;2025-11-24|present||;2025-11-25|present||;2025-11-26|present||;2025-11-27|absent|Sick|;2025-11-29|absent||;2025-11-30|present||;2025-12-01|present||;2025-12-02|present||;2025-12-03|present||;2025-12-04|present||;2025-12-06|absent||;2025-12-07|present||;2025-12-08|present||;2025-12-09|present||;2025-12-10|present||;2025-12-11|present||;2025-12-13|present||;2025-12-14|present||;2025-12-15|present||;2025-12-17|absent||;2025-12-18|present||
Riya,female,01762353372,hsc_2,2024-2025,science,2000.00,0,2025-10-01,active,0,,,2025-11-01|present||;2025-11-02|absent||;2025-11-03|present||;2025-11-04|present||;2025-11-05|present||;2025-11-06|present||;2025-11-08|present||;2025-11-09|present||;2025-11-10|present||;2025-11-11|absent||;2025-11-12|present||;2025-11-13|present||;2025-11-15|present||;2025-11-16|present||;2025-11-17|present||;2025-11-18|present||;2025-11-19|present||;2025-11-20|absent||;2025-11-22|present||;2025-11-23|present||;2025-11-24|present||;2025-11-25|present||;2025-11-26|present||;2025-11-27|present||;2025-11-29|present||;2025-11-30|present||;2025-12-01|present||;2025-12-02|present||;2025-12-03|present||;2025-12-04|present||;2025-12-06|present||;2025-12-07|present||;2025-12-09|present||;2025-12-10|present||;2025-12-11|present||;2025-12-13|present||;2025-12-14|present||;2025-12-15|present||;2025-12-17|present||;2025-12-18|present||
Riya,female,01404194461(p),hsc_1,2025-2026,business_studies,2500.00,0,2025-11-03,inactive,0,,,2025-11-03|present||;2025-11-04|present||;2025-11-05|absent||;2025-11-06|present||;2025-11-08|absent||;2025-11-09|absent||;2025-11-10|absent||;2025-11-11|absent||;2025-11-12|absent||;2025-11-13|absent||;2025-11-15|absent||;2025-11-16|present||;2025-11-17|present||;2025-11-18|present||;2025-11-19|absent||;2025-11-20|present||;2025-11-22|absent||;2025-11-23|absent||;2025-11-24|absent||;2025-11-25|absent||;2025-11-26|absent||;2025-11-27|absent||;2025-11-29|absent||
Riyaz,male,01883368285,hsc_1,2025-2026,science,2500.00,0,2025-10-01,active,0,,,2025-11-01|present||;2025-11-02|present||;2025-11-03|present||;2025-11-04|absent||;2025-11-05|absent||;2025-11-06|absent||;2025-11-08|absent||;2025-11-09|absent||;2025-11-10|absent||;2025-11-11|absent||;2025-11-12|absent||;2025-11-13|present||;2025-11-15|present||;2025-11-16|present||;2025-11-17|present||;2025-11-18|present||;2025-11-19|absent||;2025-11-20|present||;2025-11-22|absent||;2025-11-23|present||;2025-11-24|present||;2025-11-25|present||;2025-11-26|present||;2025-11-27|present||;2025-11-29|present||;2025-11-30|present||;2025-12-01|present||;2025-12-02|present||;2025-12-03|present||;2025-12-04|present||;2025-12-06|present||;2025-12-07|present||;2025-12-08|absent||;2025-12-09|absent||;2025-12-10|present||;2025-12-11|present||;2025-12-13|present||;2025-12-14|present||;2025-12-15|present||;2025-12-17|present||;2025-12-18|present||
Robi,male,01540194957,hsc_2,2024-2025,science,2300.00,0,2025-10-01,active,0,,,2025-11-01|present||;2025-11-02|present||;2025-11-03|present||;2025-11-04|present||;2025-11-05|present||;2025-11-06|present||;2025-11-08|present||;2025-11-09|present||;2025-11-10|present||;2025-11-11|present||;2025-11-12|present||;2025-11-13|present||;2025-11-15|absent||;2025-11-16|present||;2025-11-17|present||;2025-11-18|present||;2025-11-19|present||;2025-11-20|present||;2025-11-22|present||;2025-11-23|present||;2025-11-24|present||;2025-11-25|present||;2025-11-26|present||;2025-11-27|present||;2025-11-29|present||;2025-11-30|present||;2025-12-01|present||;2025-12-02|absent||;2025-12-03|present||;2025-12-04|present||;2025-12-06|absent||;2025-12-07|present||;2025-12-09|present||;2025-12-10|present||;2025-12-11|present||;2025-12-13|absent||;2025-12-14|present||;2025-12-15|present||;2025-12-17|present||;2025-12-18|present||
Roshni,female,01643290597,hsc_1,2025-2026,humanities,2300.00,0,2025-11-01,active,0,,,2025-11-01|present||;2025-11-02|absent||;2025-11-03|present||;2025-11-04|present||;2025-11-05|present||;2025-11-06|absent||;2025-11-08|present||;2025-11-09|absent||;2025-11-10|present||;2025-11-11|present||;2025-11-12|absent||;2025-11-13|absent||;2025-11-15|absent||;2025-11-16|present||;2025-11-17|absent||;2025-11-18|present||;2025-11-19|present||;2025-11-20|present||;2025-11-22|present||;2025-11-23|present||;2025-11-24|absent||;2025-11-25|absent||;2025-11-26|absent||;2025-11-27|absent||;2025-11-29|present||;2025-11-30|present||;2025-12-01|absent||;2025-12-02|present||;2025-12-03|present||;2025-12-04|absent||;2025-12-06|present||;2025-12-07|present||;2025-12-08|present||;2025-12-09|present||;2025-12-10|present||;2025-12-11|present||;2025-12-13|absent||;2025-12-14|absent||;2025-12-15|absent||;2025-12-17|absent||;2025-12-18|absent||
Saba,female,01622573542,hsc_2,2024-2025,humanities,1500.00,0,2025-11-01,active,0,,,"2025-11-01|present||;2025-11-02|present||;2025-11-03|present||;2025-11-04|present||;2025-11-05|present||;2025-11-06|present||;2025-11-08|present||;2025-11-09|present||;2025-11-10|absent||;2025-11-11|absent||;2025-11-12|present||;2025-11-13|absent||;2025-11-15|present||;2025-11-16|absent||;2025-11-17|present||;2025-11-18|absent||;2025-11-19|absent||;2025-11-20|absent||;2025-11-22|present||;2025-11-23|present||;2025-11-24|absent||;2025-11-25|absent||;2025-11-26|present||;2025-11-27|absent|Other|ক্লাস নাই;2025-11-29|present||;2025-11-30|absent||;2025-12-01|present||;2025-12-02|present||;2025-12-03|absent||;2025-12-04|absent||;2025-12-06|absent||;2025-12-07|present||;2025-12-08|absent||;2025-12-09|absent||;2025-12-10|present||;2025-12-11|absent||;2025-12-13|absent||;2025-12-14|absent||;2025-12-15|present||;2025-12-17|absent||;2025-12-18|present||"
Sabiha,female,01924099276,hsc_1,2025-2026,business_studies,2200.00,0,2025-10-01,active,0,,"01914733656 (M)",2025-11-01|present||;2025-11-02|present||;2025-11-03|present||;2025-11-04|present||;2025-11-05|present||;2025-11-06|present||;2025-11-08|absent||;2025-11-09|absent||;2025-11-10|absent||;2025-11-11|present||;2025-11-12|present||;2025-11-13|present||;2025-11-15|present||;2025-11-16|present||;2025-11-17|present||;2025-11-18|present||;2025-11-19|present||;2025-11-20|present||;2025-11-22|present||;2025-11-23|present||;2025-11-24|present||;2025-11-25|absent||;2025-11-26|present||;2025-11-27|absent||;2025-11-29|absent||;2025-11-30|absent||;2025-12-01|absent||;2025-12-02|present||;2025-12-03|present||;2025-12-04|present||;2025-12-06|present||;2025-12-07|present||;2025-12-08|absent||;2025-12-09|absent||;2025-12-10|absent||;2025-12-11|absent||;2025-12-13|absent||;2025-12-14|absent||;2025-12-15|absent||;2025-12-17|absent||;2025-12-18|absent||
Sabiha,female,852369,hsc_2,2024-2025,science,2800.00,0,2025-11-01,inactive,0,,,2025-11-01|present||;2025-11-02|present||;2025-11-03|present||;2025-11-04|absent||;2025-11-05|present||;2025-11-06|present||;2025-11-08|present||;2025-11-09|present||;2025-11-10|present||;2025-11-11|absent||;2025-11-12|absent||;2025-11-13|present||;2025-11-15|present||;2025-11-16|present||;2025-11-19|present||
Saiful,male,01920929371,hsc_2,2024-2025,business_studies,1700.00,0,2025-10-01,active,0,,,2025-11-01|absent||;2025-11-02|present||;2025-11-03|absent||;2025-11-04|absent||;2025-11-05|present||;2025-11-06|absent||;2025-11-08|absent||;2025-11-09|present||;2025-11-10|absent||;2025-11-11|present||;2025-11-12|present||;2025-11-13|absent||;2025-11-15|present||;2025-11-16|present||;2025-11-17|present||;2025-11-18|absent||;2025-11-19|present||;2025-11-20|present||;2025-11-22|present||;2025-11-23|present||;2025-11-24|absent||;2025-11-25|present||;2025-11-26|present||;2025-11-27|present||;2025-11-29|absent||;2025-11-30|present||;2025-12-01|present||;2025-12-02|present||;2025-12-03|present||;2025-12-04|present||;2025-12-06|present||;2025-12-07|present||;2025-12-08|absent||;2025-12-09|present||;2025-12-10|present||;2025-12-11|absent||;2025-12-13|present||;2025-12-14|present||;2025-12-15|absent||;2025-12-17|present||;2025-12-18|absent||
Saikat,male,01999399945,hsc_2,2024-2025,business_studies,2000.00,0,2025-11-01,active,0,,,2025-11-01|present||;2025-11-02|present||;2025-11-03|present||;2025-11-04|present||;2025-11-05|present||;2025-11-06|present||;2025-11-08|present||;2025-11-09|present||;2025-11-10|present||;2025-11-11|present||;2025-11-12|present||;2025-11-13|present||;2025-11-15|present||;2025-11-16|present||;2025-11-17|present||;2025-11-18|present||;2025-11-19|present||;2025-11-20|present||;2025-11-22|present||;2025-11-23|absent||;2025-11-24|present||;2025-11-25|present||;2025-11-26|present||;2025-11-27|present||;2025-11-29|present||;2025-11-30|present||;2025-12-01|present||;2025-12-02|present||;2025-12-03|present||;2025-12-04|present||;2025-12-06|present||;2025-12-07|present||;2025-12-08|present||;2025-12-09|present||;2025-12-10|present||;2025-12-11|present||;2025-12-13|present||;2025-12-14|absent||;2025-12-15|present||;2025-12-17|absent||;2025-12-18|present||
Sakib,male,01831981013,hsc_2,2024-2025,business_studies,2200.00,0,2025-10-01,active,0,,,2025-11-01|present||;2025-11-02|present||;2025-11-03|present||;2025-11-04|present||;2025-11-05|present||;2025-11-06|present||;2025-11-08|present||;2025-11-09|present||;2025-11-10|present||;2025-11-11|present||;2025-11-12|present||;2025-11-13|present||;2025-11-15|present||;2025-11-16|present||;2025-11-17|present||;2025-11-18|absent||;2025-11-19|absent||;2025-11-20|absent||;2025-11-22|present||;2025-11-23|present||;2025-11-24|present||;2025-11-25|present||;2025-11-26|present||;2025-11-27|present||;2025-11-29|absent||;2025-11-30|present||;2025-12-01|present||;2025-12-02|absent||;2025-12-03|present||;2025-12-04|present||;2025-12-06|present||;2025-12-07|absent||;2025-12-08|present||;2025-12-09|absent||;2025-12-10|present||;2025-12-11|present||;2025-12-13|present||;2025-12-14|present||;2025-12-15|present||;2025-12-17|absent||;2025-12-18|absent||
Samia,female,01955143603,hsc_2,2024-2025,science,2700.00,0,2025-09-01,active,0,,,2025-11-01|absent||;2025-11-02|absent||;2025-11-03|absent||;2025-11-04|present||;2025-11-05|absent||;2025-11-06|present||;2025-11-08|present||;2025-11-09|absent||;2025-11-10|present||;2025-11-11|present||;2025-11-12|absent||;2025-11-13|absent||;2025-11-15|absent||;2025-11-16|absent||;2025-11-17|absent||;2025-11-18|absent||;2025-11-19|present||;2025-11-20|present||;2025-11-22|absent||;2025-11-23|present||;2025-11-24|present||;2025-11-25|absent||;2025-11-26|present||;2025-11-27|present||;2025-11-29|absent||;2025-11-30|absent||;2025-12-01|present||;2025-12-02|absent||;2025-12-03|absent||;2025-12-04|present||;2025-12-06|absent||;2025-12-09|present||;2025-12-10|present||;2025-12-11|present||;2025-12-13|absent||;2025-12-14|present||;2025-12-15|absent||;2025-12-17|absent||;2025-12-18|absent||
Samia,female,854125,hsc_2,2024-2025,humanities,2200.00,0,2025-11-01,inactive,0,,,"2025-11-01|present||;2025-11-02|present||;2025-11-03|present||;2025-11-04|present||;2025-11-05|present||;2025-11-06|present||;2025-11-08|present||;2025-11-09|present||;2025-11-10|present||;2025-11-11|absent||;2025-11-12|present||;2025-11-13|present||;2025-11-15|absent||;2025-11-16|present||;2025-11-17|present||;2025-11-18|present||;2025-11-19|present||;2025-11-20|absent||;2025-11-22|absent||;2025-11-23|present||;2025-11-24|absent||;2025-11-25|absent||;2025-11-26|absent||;2025-11-27|absent|Other|ক্লাস নাই;2025-11-29|absent||;2025-11-30|absent||;2025-12-01|absent||;2025-12-02|absent||;2025-12-03|absent||;2025-12-04|absent||;2025-12-06|absent||;2025-12-07|absent||;2025-12-08|absent||;2025-12-09|absent||;2025-12-10|absent||;2025-12-11|absent||;2025-12-13|absent||;2025-12-14|absent||;2025-12-15|absent||;2025-12-17|absent||;2025-12-18|absent||"
"Samia 2",female,0197914746620,hsc_1,2025-2026,business_studies,2500.00,0,2025-11-01,active,0,,,2025-11-01|present||;2025-11-02|absent||;2025-11-03|present||;2025-11-04|present||;2025-11-05|absent||;2025-11-06|present||;2025-11-08|present||;2025-11-09|absent||;2025-11-10|absent||;2025-11-11|present||;2025-11-12|present||;2025-11-13|present||;2025-11-15|present||;2025-11-16|present||;2025-11-17|present||;2025-11-18|present||;2025-11-19|absent||;2025-11-20|absent||;2025-11-22|absent||;2025-11-23|present||;2025-11-24|present||;2025-11-25|present||;2025-11-26|present||;2025-11-27|present||;2025-11-29|present||;2025-11-30|present||;2025-12-01|present||;2025-12-02|present||;2025-12-03|present||;2025-12-04|absent||;2025-12-06|present||;2025-12-07|present||;2025-12-08|present||;2025-12-09|present||;2025-12-10|absent||;2025-12-11|present||;2025-12-13|present||;2025-12-14|present||;2025-12-15|present||;2025-12-17|present||;2025-12-18|present||
"Samiya Akter Riya",female,01991742869,hsc_1,2025-2026,business_studies,2600.00,0,2025-10-01,active,0,,,2025-11-01|present||;2025-11-02|absent||;2025-11-03|present||;2025-11-04|present||;2025-11-05|absent||;2025-11-06|present||;2025-11-08|present||;2025-11-09|absent||;2025-11-10|absent||;2025-11-11|present||;2025-11-12|present||;2025-11-13|present||;2025-11-15|present||;2025-11-16|present||;2025-11-17|present||;2025-11-18|present||;2025-11-19|absent||;2025-11-20|present||;2025-11-22|present||;2025-11-23|present||;2025-11-24|present||;2025-11-25|present||;2025-11-26|present||;2025-11-27|present||;2025-11-29|present||;2025-11-30|present||;2025-12-01|absent||;2025-12-02|present||;2025-12-03|absent||;2025-12-04|absent||;2025-12-06|present||;2025-12-07|absent||;2025-12-08|absent||;2025-12-09|absent||;2025-12-10|absent||;2025-12-11|absent||;2025-12-13|absent||;2025-12-14|present||;2025-12-15|absent||;2025-12-17|absent||;2025-12-18|present||
Sanjena,female,01868359473,hsc_2,2024-2025,business_studies,1000.00,0,2025-10-01,inactive,0,,,2025-11-01|present||;2025-11-02|absent||;2025-11-03|present||;2025-11-04|present||;2025-11-05|present||;2025-11-06|present||;2025-11-08|present||;2025-11-09|present||;2025-11-10|present||;2025-11-11|present||;2025-11-12|present||;2025-11-13|present||;2025-11-15|present||;2025-11-16|present||;2025-11-17|present||;2025-11-18|present||;2025-11-19|present||;2025-11-20|present||;2025-11-22|present||;2025-11-23|present||;2025-11-24|present||;2025-11-25|present||;2025-11-26|present||;2025-11-27|present||;2025-11-29|present||;2025-11-30|present||;2025-12-01|present||;2025-12-02|present||;2025-12-03|present||;2025-12-04|present||;2025-12-06|present||;2025-12-07|present||;2025-12-08|present||;2025-12-09|present||;2025-12-10|present||;2025-12-11|absent||;2025-12-13|present||;2025-12-14|present||;2025-12-15|absent||;2025-12-17|absent||
Sara,female,01933518671,hsc_2,2024-2025,humanities,1000.00,1,2025-10-01,inactive,0,,,"2025-11-01|present||;2025-11-02|absent||;2025-11-03|absent||;2025-11-04|present||;2025-11-05|absent||;2025-11-06|absent||;2025-11-08|present||;2025-11-09|absent||;2025-11-10|absent||;2025-11-11|absent||;2025-11-12|absent||;2025-11-13|absent||;2025-11-15|absent||;2025-11-16|absent||;2025-11-17|absent||;2025-11-18|absent||;2025-11-19|absent||;2025-11-20|absent||;2025-11-22|absent||;2025-11-23|absent||;2025-11-24|absent||;2025-11-25|absent||;2025-11-26|absent||;2025-11-27|absent|Other|ক্লাস নাই;2025-11-29|absent||;2025-11-30|absent||;2025-12-01|absent||;2025-12-02|absent||;2025-12-03|absent||;2025-12-04|absent||;2025-12-06|absent||;2025-12-07|absent||;2025-12-08|absent||;2025-12-09|absent||;2025-12-10|absent||;2025-12-11|absent||;2025-12-13|absent||;2025-12-14|absent||;2025-12-15|absent||"
Sazid,male,01813884914,hsc_2,2024-2025,business_studies,1000.00,0,2025-10-01,active,0,,,2025-11-01|absent||;2025-11-02|present||;2025-11-03|present||;2025-11-04|absent||;2025-11-05|present||;2025-11-06|absent||;2025-11-08|present||;2025-11-09|present||;2025-11-10|absent||;2025-11-11|absent||;2025-11-12|present||;2025-11-13|present||;2025-11-15|present||;2025-11-16|absent||;2025-11-17|present||;2025-11-18|absent||;2025-11-19|present||;2025-11-20|absent||;2025-11-22|present||;2025-11-23|absent||;2025-11-24|present||;2025-11-25|absent||;2025-11-26|present||;2025-11-27|absent||;2025-11-29|absent||;2025-11-30|present||;2025-12-01|absent||;2025-12-02|absent||;2025-12-03|absent||;2025-12-04|present||;2025-12-06|absent||;2025-12-07|absent||;2025-12-08|absent||;2025-12-09|present||;2025-12-10|absent||;2025-12-11|absent||;2025-12-13|absent||;2025-12-14|present||;2025-12-15|absent||;2025-12-17|present||;2025-12-18|present||
Shahadat,male,01997966467,hsc_2,2024-2025,business_studies,2200.00,0,2022-11-01,active,0,,,2025-11-01|present||;2025-11-02|present||;2025-11-03|present||;2025-11-04|present||;2025-11-05|present||;2025-11-06|present||;2025-11-08|present||;2025-11-09|present||;2025-11-10|present||;2025-11-11|present||;2025-11-12|present||;2025-11-13|present||;2025-11-15|present||;2025-11-16|present||;2025-11-17|present||;2025-11-18|present||;2025-11-19|present||;2025-11-20|present||;2025-11-22|present||;2025-11-23|present||;2025-11-24|present||;2025-11-25|present||;2025-11-26|present||;2025-11-27|present||;2025-11-29|present||;2025-11-30|present||;2025-12-01|present||;2025-12-02|present||;2025-12-03|present||;2025-12-04|present||;2025-12-06|present||;2025-12-07|absent||;2025-12-08|present||;2025-12-09|absent||;2025-12-10|absent||;2025-12-11|absent||;2025-12-13|present||;2025-12-14|absent||;2025-12-15|present||;2025-12-17|present||;2025-12-18|present||
Shorna,female,01830880898,hsc_1,2025-2026,business_studies,2200.00,0,2025-10-28,active,0,,,2025-11-01|present||;2025-11-02|present||;2025-11-03|present||;2025-11-04|present||;2025-11-05|present||;2025-11-06|present||;2025-11-08|absent||;2025-11-09|present||;2025-11-10|present||;2025-11-11|present||;2025-11-12|present||;2025-11-13|present||;2025-11-15|present||;2025-11-16|present||;2025-11-17|present||;2025-11-18|present||;2025-11-19|present||;2025-11-20|present||;2025-11-22|present||;2025-11-23|present||;2025-11-24|present||;2025-11-25|present||;2025-11-26|present||;2025-11-27|absent||;2025-11-29|present||;2025-11-30|present||;2025-12-01|present||;2025-12-02|present||;2025-12-03|present||;2025-12-04|present||;2025-12-06|present||;2025-12-07|present||;2025-12-08|present||;2025-12-09|present||;2025-12-10|present||;2025-12-11|present||;2025-12-13|present||;2025-12-14|present||;2025-12-15|present||;2025-12-17|present||;2025-12-18|present||
Sifat,male,01521205280,hsc_2,2024-2025,science,2500.00,0,2025-10-01,active,0,,"secondary : 01533000221",2025-11-01|present||;2025-11-02|present||;2025-11-03|present||;2025-11-04|present||;2025-11-05|present||;2025-11-06|present||;2025-11-08|present||;2025-11-09|present||;2025-11-10|present||;2025-11-11|present||;2025-11-12|present||;2025-11-13|present||;2025-11-15|present||;2025-11-16|present||;2025-11-17|present||;2025-11-18|present||;2025-11-19|present||;2025-11-20|present||;2025-11-22|present||;2025-11-23|present||;2025-11-24|present||;2025-11-25|present||;2025-11-26|absent||;2025-11-27|absent||;2025-11-29|absent||;2025-11-30|absent||;2025-12-01|absent||;2025-12-02|absent||;2025-12-03|present||;2025-12-04|present||;2025-12-06|absent||;2025-12-07|present||;2025-12-09|present||;2025-12-10|present||;2025-12-11|present||;2025-12-13|present||;2025-12-14|present||;2025-12-15|present||;2025-12-17|present||;2025-12-18|present||
Siyam,male,57937,hsc_1,2025-2026,science,1.00,0,2025-11-01,inactive,0,,,2025-11-01|present||;2025-11-02|present||;2025-11-03|present||;2025-11-04|present||;2025-11-05|present||;2025-11-06|present||;2025-11-08|present||;2025-11-09|present||;2025-11-10|present||;2025-11-11|present||;2025-11-12|present||;2025-11-13|present||;2025-11-15|present||;2025-11-16|present||;2025-11-19|present||
Sneha,female,01949833903,hsc_1,2025-2026,humanities,1500.00,0,2025-11-01,inactive,0,,,2025-11-01|absent||;2025-11-02|absent||;2025-11-03|present||;2025-11-04|absent||;2025-11-05|present||;2025-11-06|absent||;2025-11-08|absent||;2025-11-09|absent||;2025-11-10|present||;2025-11-11|absent||;2025-11-12|absent||;2025-11-13|absent||;2025-11-15|absent||;2025-11-16|absent||;2025-11-17|absent||;2025-11-18|absent||;2025-11-19|absent||;2025-11-20|absent||;2025-11-22|absent||;2025-11-23|absent||;2025-11-24|absent||;2025-11-25|absent||;2025-11-26|absent||;2025-11-27|absent||;2025-11-29|absent||;2025-11-30|absent|Sick|;2025-12-01|absent||;2025-12-02|absent||;2025-12-04|absent||;2025-12-06|absent||;2025-12-07|absent||;2025-12-08|absent||;2025-12-10|absent||;2025-12-11|absent||;2025-12-13|absent||;2025-12-14|absent||;2025-12-15|absent||;2025-12-17|absent||;2025-12-18|absent||
Sourav,male,01748896450,hsc_2,2024-2025,science,2500.00,0,2025-11-01,inactive,0,,,2025-11-01|present||;2025-11-02|present||;2025-11-03|present||;2025-11-04|present||;2025-11-05|present||;2025-11-06|absent||;2025-11-08|present||;2025-11-09|present||;2025-11-10|present||;2025-11-11|present||;2025-11-12|present||;2025-11-13|present||;2025-11-15|absent||;2025-11-16|present||;2025-11-17|present||;2025-11-18|present||;2025-11-19|present||;2025-11-20|absent||;2025-11-22|present||;2025-11-23|present||;2025-11-24|present||;2025-11-25|present||;2025-11-26|present||;2025-11-27|absent||;2025-11-29|absent||;2025-11-30|absent||;2025-12-01|absent||
Srabon,male,01942772473,hsc_2,2024-2025,science,2000.00,0,2025-10-01,active,0,," ",2025-11-01|present||;2025-11-02|present||;2025-11-03|present||;2025-11-04|present||;2025-11-05|present||;2025-11-06|present||;2025-11-08|present||;2025-11-09|present||;2025-11-10|present||;2025-11-11|present||;2025-11-12|present||;2025-11-13|present||;2025-11-15|present||;2025-11-16|present||;2025-11-17|present||;2025-11-18|present||;2025-11-19|present||;2025-11-20|present||;2025-11-22|present||;2025-11-23|present||;2025-11-24|present||;2025-11-25|present||;2025-11-26|present||;2025-11-27|present||;2025-11-29|present||;2025-11-30|present||;2025-12-01|present||;2025-12-02|present||;2025-12-03|present||;2025-12-04|present||;2025-12-06|absent||;2025-12-07|present||;2025-12-09|present||;2025-12-10|absent||;2025-12-11|absent||;2025-12-13|absent||;2025-12-14|absent|Family|গ্রামে;2025-12-15|absent||;2025-12-17|present||;2025-12-18|present||
Sumaiya,female,01811230462,hsc_1,2025-2026,science,3000.00,0,2025-10-01,active,0,,,2025-11-01|present||;2025-11-02|present||;2025-11-03|present||;2025-11-04|present||;2025-11-05|absent||;2025-11-06|absent||;2025-11-08|present||;2025-11-09|absent||;2025-11-10|present||;2025-11-11|present||;2025-11-12|absent||;2025-11-13|present||;2025-11-15|present||;2025-11-16|present||;2025-11-17|absent||;2025-11-18|present||;2025-11-19|present||;2025-11-20|present||;2025-11-22|present||;2025-11-23|present||;2025-11-24|present||;2025-11-25|absent||;2025-11-26|present||;2025-11-27|present||;2025-11-29|present||;2025-11-30|absent||;2025-12-01|present||;2025-12-02|present||;2025-12-03|present||;2025-12-04|absent||;2025-12-06|absent||;2025-12-07|present||;2025-12-08|absent||;2025-12-09|absent||;2025-12-10|absent||;2025-12-11|absent||;2025-12-13|absent||;2025-12-14|present||;2025-12-15|present||;2025-12-17|present||;2025-12-18|present||
Supty,female,01898256754,hsc_2,2024-2025,business_studies,2500.00,0,2025-11-01,inactive,0,,,2025-11-01|present||;2025-11-02|present||;2025-11-03|absent||;2025-11-04|present||;2025-11-05|present||;2025-11-06|absent||;2025-11-08|present||;2025-11-09|present||;2025-11-10|absent||;2025-11-11|present||;2025-11-12|present||;2025-11-13|present||;2025-11-15|present||;2025-11-16|absent||;2025-11-17|present||;2025-11-18|present||;2025-11-19|present||;2025-11-20|absent||;2025-11-22|absent||;2025-11-23|present||;2025-11-24|absent||;2025-11-25|absent||;2025-11-26|absent||;2025-11-27|absent||;2025-11-29|absent||;2025-11-30|absent||;2025-12-01|absent||;2025-12-02|absent||;2025-12-03|absent||;2025-12-04|absent||;2025-12-06|absent||;2025-12-07|absent||;2025-12-08|absent||;2025-12-09|absent||;2025-12-10|absent||;2025-12-11|absent||;2025-12-13|absent||;2025-12-14|absent||
Suraiya,female,01953600124,hsc_2,2024-2025,business_studies,1800.00,0,2025-10-01,active,0,,,2025-12-01|present||;2025-12-02|present||;2025-12-03|present||;2025-12-04|present||;2025-12-06|present||;2025-12-07|present||;2025-12-08|present||;2025-12-09|absent||;2025-12-10|present||;2025-12-11|present||;2025-12-13|present||;2025-12-14|present||;2025-12-15|absent||;2025-12-17|present||;2025-12-18|absent||
Tabassum,female,01942147315,hsc_1,2025-2026,business_studies,2500.00,0,2025-08-01,active,0,,,2025-11-01|present||;2025-11-02|present||;2025-11-03|present||;2025-11-04|present||;2025-11-05|present||;2025-11-06|present||;2025-11-08|present||;2025-11-09|present||;2025-11-10|present||;2025-11-11|present||;2025-11-12|present||;2025-11-13|present||;2025-11-15|present||;2025-11-16|present||;2025-11-17|present||;2025-11-18|absent||;2025-11-19|present||;2025-11-20|present||;2025-11-22|present||;2025-11-23|present||;2025-11-24|present||;2025-11-25|present||;2025-11-26|present||;2025-11-27|present||;2025-11-29|present||;2025-11-30|present||;2025-12-01|present||;2025-12-02|present||;2025-12-03|present||;2025-12-04|present||;2025-12-06|present||;2025-12-07|present||;2025-12-08|present||;2025-12-09|present||;2025-12-10|present||;2025-12-11|present||;2025-12-13|present||;2025-12-14|present||;2025-12-15|present||;2025-12-17|absent||;2025-12-18|present||
Tahmid,male,01897278378,hsc_2,2024-2025,business_studies,2000.00,0,2025-10-01,active,0,,,2025-11-01|absent||;2025-11-02|present||;2025-11-03|absent||;2025-11-04|present||;2025-11-05|present||;2025-11-06|absent||;2025-11-08|present||;2025-11-09|present||;2025-11-10|present||;2025-11-11|present||;2025-11-12|present||;2025-11-13|present||;2025-11-15|absent||;2025-11-16|present||;2025-11-17|present||;2025-11-18|present||;2025-11-19|present||;2025-11-20|present||;2025-11-22|absent||;2025-11-23|absent||;2025-11-24|absent||;2025-11-25|absent||;2025-11-26|absent||;2025-11-27|absent||;2025-11-29|absent||;2025-11-30|absent||;2025-12-01|absent||;2025-12-02|present||;2025-12-03|present||;2025-12-04|present||;2025-12-06|present||;2025-12-07|present||;2025-12-08|present||;2025-12-09|present||;2025-12-10|present||;2025-12-11|present||;2025-12-13|absent||;2025-12-14|present||;2025-12-15|present||;2025-12-17|present||;2025-12-18|present||
Tamanna,female,01337074600,hsc_1,2025-2026,science,2500.00,0,2025-08-02,active,0,,,2025-11-01|present||;2025-11-02|present||;2025-11-03|present||;2025-11-04|absent||;2025-11-05|present||;2025-11-06|present||;2025-11-08|present||;2025-11-09|present||;2025-11-10|present||;2025-11-11|present||;2025-11-12|present||;2025-11-13|present||;2025-11-15|present||;2025-11-16|present||;2025-11-17|present||;2025-11-18|present||;2025-11-19|present||;2025-11-20|present||;2025-11-22|present||;2025-11-23|present||;2025-11-24|present||;2025-11-25|present||;2025-11-26|present||;2025-11-27|present||;2025-11-29|present||;2025-12-01|present||;2025-12-02|present||;2025-12-03|present||;2025-12-04|present||;2025-12-06|present||;2025-12-07|present||;2025-12-08|present||;2025-12-09|present||;2025-12-10|present||;2025-12-11|present||;2025-12-13|present||;2025-12-14|present||;2025-12-15|present||;2025-12-17|present||;2025-12-18|present||
Tamim,male,01830870233,hsc_2,2024-2025,humanities,2000.00,0,2025-11-01,active,0,,,2025-11-01|present||;2025-11-02|present||;2025-11-03|present||;2025-11-04|absent||;2025-11-05|present||;2025-11-06|present||;2025-11-08|present||;2025-11-09|present||;2025-11-10|present||;2025-11-11|absent||;2025-11-12|present||;2025-11-13|absent||;2025-11-15|present||;2025-11-16|absent||;2025-11-17|absent||;2025-11-18|absent||;2025-11-19|absent||;2025-11-20|absent||;2025-11-22|absent||;2025-11-23|absent||;2025-11-24|absent||;2025-11-25|absent||;2025-11-26|absent||;2025-11-27|absent|Sick|;2025-11-29|absent||;2025-11-30|absent||;2025-12-01|absent||;2025-12-02|absent||;2025-12-03|absent||;2025-12-04|absent||;2025-12-06|absent||;2025-12-07|absent||;2025-12-08|absent||;2025-12-09|present||;2025-12-10|present||;2025-12-11|present||;2025-12-13|present||;2025-12-14|present||;2025-12-15|present||;2025-12-17|present||;2025-12-18|present||
Tamim,male,01858664989,hsc_1,2025-2026,business_studies,1.00,0,2025-11-01,inactive,0,,,2025-11-01|absent||;2025-11-02|present||;2025-11-03|present||;2025-11-04|absent||;2025-11-05|present||;2025-11-06|absent||;2025-11-08|absent||;2025-11-09|absent||;2025-11-10|present||;2025-11-11|absent||;2025-11-12|present||;2025-11-13|absent||;2025-11-15|present||;2025-11-16|absent||;2025-11-17|present||;2025-11-18|present||;2025-11-19|absent||;2025-11-20|absent||;2025-11-22|present||;2025-11-23|present||;2025-11-24|absent||;2025-11-25|absent||;2025-11-26|present||;2025-11-27|absent||;2025-11-29|absent||;2025-11-30|absent||;2025-12-01|absent||;2025-12-02|absent||;2025-12-03|absent||;2025-12-04|absent||;2025-12-06|absent||;2025-12-07|absent||;2025-12-08|absent||;2025-12-09|absent||
"Tanvir Islam",male,01611181931,hsc_1,2025-2026,business_studies,2500.00,0,2025-11-09,active,0,,01715678466(p),2025-11-09|present||;2025-11-10|absent||;2025-11-11|absent||;2025-11-12|absent||;2025-11-13|absent||;2025-11-15|present||;2025-11-16|present||;2025-11-17|present||;2025-11-18|present||;2025-11-19|present||;2025-11-20|present||;2025-11-22|present||;2025-11-23|present||;2025-11-24|present||;2025-11-25|absent||;2025-11-26|present||;2025-11-27|present||;2025-11-29|present||;2025-11-30|present||;2025-12-01|absent||;2025-12-02|present||;2025-12-03|present||;2025-12-04|present||;2025-12-06|present||;2025-12-07|present||;2025-12-08|present||;2025-12-09|present||;2025-12-10|present||;2025-12-11|present||;2025-12-13|present||;2025-12-14|present||;2025-12-15|present||;2025-12-17|present||;2025-12-18|absent||
Tashid,male,01307088914,hsc_2,2024-2025,science,2500.00,0,2025-10-01,active,0,,,2025-10-01|present||;2025-10-02|present||;2025-10-03|present||;2025-10-04|present||;2025-10-05|present||;2025-10-06|present||;2025-10-07|present||;2025-10-08|present||;2025-10-09|absent||;2025-10-10|present||;2025-10-11|present||;2025-10-12|present||;2025-10-13|present||;2025-10-14|present||;2025-10-15|absent||;2025-10-17|present||;2025-10-18|absent|Other|;2025-10-19|present||;2025-10-20|present||;2025-11-01|absent||;2025-11-02|absent||;2025-11-03|absent||;2025-11-04|absent||;2025-11-05|absent||;2025-11-06|absent||;2025-11-08|absent||;2025-11-09|absent||;2025-11-10|absent||;2025-11-11|absent||;2025-11-12|absent||;2025-11-13|absent||;2025-11-15|absent||;2025-11-16|absent||;2025-11-17|present||;2025-11-18|present||;2025-11-19|present||;2025-11-20|present||;2025-11-22|present||;2025-11-23|present||;2025-11-24|present||;2025-11-25|present||;2025-11-26|present||;2025-11-27|present||;2025-11-29|absent||;2025-11-30|present||;2025-12-01|present|Other|;2025-12-02|present||;2025-12-03|present||;2025-12-04|present||;2025-12-06|absent||;2025-12-07|present||;2025-12-09|present||;2025-12-10|absent||;2025-12-11|present||;2025-12-13|present||;2025-12-14|present||;2025-12-15|present||;2025-12-17|present||;2025-12-18|absent||
Tasmim,female,01682671608,hsc_1,2025-2026,science,2500.00,0,2025-08-02,active,0,,,2025-11-01|present||;2025-11-02|present||;2025-11-03|present||;2025-11-04|present||;2025-11-05|present||;2025-11-06|present||;2025-11-08|present||;2025-11-09|absent||;2025-11-10|present||;2025-11-11|present||;2025-11-12|present||;2025-11-13|present||;2025-11-15|absent||;2025-11-16|present||;2025-11-17|present||;2025-11-19|present||;2025-11-20|present||;2025-11-22|present||;2025-11-23|present||;2025-11-24|present||;2025-11-25|absent||;2025-11-26|absent||;2025-11-27|absent||;2025-11-29|absent||;2025-11-30|absent||;2025-12-01|present||;2025-12-02|absent||;2025-12-03|present||;2025-12-04|absent||;2025-12-06|present||;2025-12-07|present||;2025-12-08|absent||;2025-12-09|present||;2025-12-10|absent||;2025-12-11|absent||;2025-12-13|present||;2025-12-14|present||;2025-12-15|present||;2025-12-17|present||;2025-12-18|present||
Tasnur,female,01317891055,hsc_1,2025-2026,science,2500.00,0,2025-08-02,active,0,,,2025-11-01|present||;2025-11-02|present||;2025-11-03|present||;2025-11-04|present||;2025-11-05|absent||;2025-11-06|absent||;2025-11-08|present||;2025-11-09|present||;2025-11-10|present||;2025-11-11|present||;2025-11-12|present||;2025-11-13|present||;2025-11-15|present||;2025-11-16|present||;2025-11-17|present||;2025-11-19|present||;2025-11-20|present||;2025-11-22|present||;2025-11-23|present||;2025-11-24|present||;2025-11-25|present||;2025-11-26|absent||;2025-11-27|present||;2025-11-29|present||;2025-11-30|absent||;2025-12-01|present||;2025-12-02|present||;2025-12-03|present||;2025-12-04|present||;2025-12-06|present||;2025-12-07|present||;2025-12-08|present||;2025-12-09|present||;2025-12-10|present||;2025-12-11|present||;2025-12-13|present||;2025-12-14|present||;2025-12-15|present||;2025-12-17|absent||;2025-12-18|present||
Tushar,male,01771274270,hsc_2,2024-2025,business_studies,2000.00,0,2025-10-01,active,0,,,2025-11-01|present||;2025-11-02|present||;2025-11-03|present||;2025-11-04|absent||;2025-11-05|present||;2025-11-06|present||;2025-11-08|present||;2025-11-09|present||;2025-11-10|present||;2025-11-11|present||;2025-11-12|present||;2025-11-13|absent||;2025-11-15|absent||;2025-11-16|present||;2025-11-17|present||;2025-11-18|present||;2025-11-19|present||;2025-11-20|present||;2025-11-22|present||;2025-11-23|present||;2025-11-24|present||;2025-11-25|present||;2025-11-26|present||;2025-11-27|present||;2025-11-29|absent||;2025-11-30|present||;2025-12-01|present||;2025-12-02|present||;2025-12-03|present||;2025-12-04|present||;2025-12-06|present||;2025-12-07|present||;2025-12-08|absent||;2025-12-09|present||;2025-12-10|absent||;2025-12-11|present||;2025-12-13|present||;2025-12-14|present||;2025-12-15|present||;2025-12-17|present||;2025-12-18|present||
